date,Nuclear,Hydro Run-of-River,Biomass,Fossil brown coal / lignite,Fossil hard coal,Fossil oil,Fossil gas,Geothermal,Hydro water reservoir,Hydro pumped storage,Others,Waste,Wind offshore,Wind onshore,Solar,Load
2023-09-04T00:00+02:00,0,2634.3,4710.9,8399.1,1725.6,400.7,4900.3,17.9,232.3,586,46.2,1422.4,742,3745.4,0,39758.9
2023-09-04T00:15+02:00,0,2637.1,4710.2,8345.6,1728.9,400.7,4879.3,17.9,205.8,571.6,46.2,1422,724.1,3803.3,0,39305.6
2023-09-04T00:30+02:00,0,2643.2,4711.5,8348.6,1729.7,400.7,4872.5,17.9,98.8,298.1,46.2,1428.5,744.3,3764.7,0,38801.3
2023-09-04T00:45+02:00,0,2650.9,4666,8316.1,1718.2,400.7,4872.5,17.9,124.5,149.9,46.2,1431.4,794.6,3870.9,0,38390.3
2023-09-04T01:00+02:00,0,2655.7,4655.5,8086.6,1690.9,400.7,4815.3,17.9,89.3,188.1,46.2,1415.6,870.6,3946.1,0,37839.4
2023-09-04T01:15+02:00,0,2658.6,4639.2,7866.6,1558.9,400.7,4794.7,17.9,42.5,141.2,46.2,1408.1,910.3,4054.3,0,37568.4
2023-09-04T01:30+02:00,0,2660.9,4644.3,7811.9,1427.9,401.9,4827.1,17.9,33.8,84.3,46.2,1419.4,918.9,4111.9,0,37045.8
2023-09-04T01:45+02:00,0,2666.1,4617.8,7756.2,1276.2,401,4806.3,17.9,37.1,66.7,46.2,1425.2,1006.8,4173.5,0,36728.3
2023-09-04T02:00+02:00,0,2662.8,4590,7436.8,1275.8,400.7,4597.7,17.9,70,132.1,46.2,1419.8,1003.5,4183.4,0,37030.9
2023-09-04T02:15+02:00,0,2660.2,4580.2,7360.7,1275.3,400.7,4530.8,17.9,68.5,133.8,46.2,1420,984,4178.8,0,36689.7
2023-09-04T02:30+02:00,0,2654,4578.7,7377.4,1284.5,400.7,4536.2,17.9,45.4,113.1,46.2,1426.9,1018.9,4174.6,0,36646.8
2023-09-04T02:45+02:00,0,2642.9,4525.3,7388,1408,400.7,4603.5,17.9,56.1,109.6,46.2,1417.9,981.9,4194.3,0,36492.2
2023-09-04T03:00+02:00,0,2632.8,4513.7,7662.9,1507.9,400.7,4670.1,17.9,49.9,52.8,46.2,1406.8,892.7,4337.3,0,36241.7
2023-09-04T03:15+02:00,0,2618.2,4500.5,7676.3,1525.7,400.7,4683.8,17.9,63.1,11.3,46.2,1409.2,817.4,4486,0,36420.5
2023-09-04T03:30+02:00,0,2606.4,4498,7687.1,1523.7,400.7,4697.5,17.9,50.9,0.9,46.2,1426.4,778,4575.7,0,36328.7
2023-09-04T03:45+02:00,0,2598.5,4484.4,7679.5,1567.5,400.7,4693,17.9,42,1.7,46.2,1425.7,769.4,4586.9,0,36666.7
2023-09-04T04:00+02:00,0,2587.4,4475,7603.5,1616.1,400.7,4677.8,17.9,41.4,7.2,46.2,1432.2,757.8,4550.9,0,37144.9
2023-09-04T04:15+02:00,0,2584.3,4465.9,7715.4,1623.8,400.7,4672.8,17.9,45.9,2.6,46.2,1427,706.5,4588.6,0,37556
2023-09-04T04:30+02:00,0,2580,4463,7731.8,1664.5,400.7,4654.6,17.9,67.8,61,46.3,1419.2,696.5,4586.3,0,38058
2023-09-04T04:45+02:00,0,2577.5,4432,7714.4,1858.9,400.7,4673.4,17.9,68.9,13.7,46.4,1429,701.9,4576.9,0,38150.1
2023-09-04T05:00+02:00,0,2574.3,4419.2,8046.9,2067.9,400.7,4904.2,17.9,77.5,5.9,46.3,1423.4,673.8,4550.5,0,39484.3
2023-09-04T05:15+02:00,0,2574.4,4417.7,8210.7,2195.3,400.7,5050.1,17.9,43.9,15.9,46.2,1417.2,640.8,4563.3,0,40309.4
2023-09-04T05:30+02:00,0,2576.5,4426.4,8282.7,2254.9,400.7,5260.9,17.9,144.4,214.2,46.2,1412.9,631.4,4543.3,0,41691
2023-09-04T05:45+02:00,0,2576.8,4428.3,8342.7,2319.2,400.7,5427.1,17.9,225.6,494.6,46.2,1399.4,663.5,4595.1,0,43180.5
2023-09-04T06:00+02:00,0,2579.8,4454.3,8302.2,2414.5,400.7,5705,17.9,123.4,687,46.2,1411.5,672.3,4594.1,2.6,45941.5
2023-09-04T06:15+02:00,0,2577,4450.9,8350.1,2587.5,400.7,5825.6,17.9,194.1,1219,46.2,1427.6,678.5,4624.6,12.8,47416.9
2023-09-04T06:30+02:00,0,2578.7,4452.9,8368.2,2795,400.7,5906,17.9,327.4,1670.8,46.3,1438.8,661.1,4713,79.3,48751.7
2023-09-04T06:45+02:00,0,2580.2,4464.4,8352.1,2840.9,422.5,5942.5,17.9,333.3,1995.3,46.4,1427.5,630.5,4901,345,49552.4
2023-09-04T07:00+02:00,0,2589.9,4480.9,8334.4,2892.5,432.7,5928,17.9,377.7,2819.9,46.4,1433.8,607,4898.2,1201.1,51051.9
2023-09-04T07:15+02:00,0,2584.3,4473.5,8325,2915.6,407.6,5950.3,17.9,352.8,2923.1,46.3,1441.1,596.5,4761.2,2379.5,52116.3
2023-09-04T07:30+02:00,0,2587,4476.2,8327.4,2929.7,400.7,5960.6,17.9,280.6,2796.5,46.3,1431.9,593.9,4713.5,3924.7,53128.6
2023-09-04T07:45+02:00,0,2570.5,4494.3,8297.1,2891.9,400.7,5952.5,17.9,175.3,2558.4,46.4,1429,573.3,4748.4,5848.7,54091.5
2023-09-04T08:00+02:00,0,2555,4512.2,8221.1,2822.2,400.7,5943.2,17.9,179.2,2831.9,46.3,1433.3,545.1,4797.8,7973.6,54924.9
2023-09-04T08:15+02:00,0,2562.2,4519.8,8175.2,2717.1,402.4,5909.6,17.9,183.9,1848.4,46.3,1424,539.7,4639.7,10263.5,56391.4
2023-09-04T08:30+02:00,0,2568.1,4530.2,8181.7,2578.9,403.8,5770.3,17.9,96.2,1174.1,46.3,1434,489,4357.5,12723.5,57756.4
2023-09-04T08:45+02:00,0,2559,4567.2,8226,2328.5,407.3,5622.4,17.9,227.9,370.2,46.2,1429.8,433.8,3958.7,15281.3,57992.8
2023-09-04T09:00+02:00,0,2559.7,4544.5,8233.4,2262.1,405.9,5254.9,17.9,351.9,961.8,46.2,1415.6,442.4,3509.9,17902.7,57939
2023-09-04T09:15+02:00,0,2561.9,4549,8156.3,2132.4,405.3,5121.4,17.9,202.8,424.8,46.3,1413.8,489.1,2999.7,20384.8,58162.3
2023-09-04T09:30+02:00,0,2585.8,4550.7,8104.8,1988.9,406.1,4855.2,17.9,90.4,399.9,46.3,1416.4,497.9,2627,22757.4,58878
2023-09-04T09:45+02:00,0,2595.3,4568.9,7794.1,1845.5,408.4,4454.8,17.9,174.2,160.7,46.2,1414.2,465.6,2373.1,25060,59140.1
2023-09-04T10:00+02:00,0,2593.6,4570.3,7364.1,1735.9,408.4,3903.5,17.9,303.9,501.2,46.2,1382.5,481.9,2210,27203.9,59229.9
2023-09-04T10:15+02:00,0,2607.7,4575.3,7052.3,1731,413.1,3846.6,17.9,114.2,195.8,46.2,1412.5,522,2196.2,29227.9,59455.8
2023-09-04T10:30+02:00,0,2600.3,4583.7,6862.2,1682.3,428.1,3780.8,17.9,81.9,60.6,46.2,1397.7,564.2,2238.6,31075.1,59839.2
2023-09-04T10:45+02:00,0,2555.5,4598.5,6670.2,1618.4,420.9,3627,17.9,76.5,13.2,46.2,1377.5,574.7,2309.8,32582,60085.5
2023-09-04T11:00+02:00,0,2560.7,4604.5,6528.2,1582.7,423.6,3348.1,17.9,145,248.9,46.2,1389.6,519.1,2440.5,33932.5,60254.3
2023-09-04T11:15+02:00,0,2515.1,4614.8,6370.3,1584,425.4,3265.9,17.9,68.4,59.6,46.2,1402.3,495.7,2550,35148.6,60351.2
2023-09-04T11:30+02:00,0,2483.3,4621.9,6320.5,1579.7,425.4,3264,17.9,53.1,11.1,46.3,1407.6,485.3,2645.1,36173.8,60431.7
2023-09-04T11:45+02:00,0,2490.5,4612.8,5905.9,1577.8,425.7,3253.6,17.9,47.9,0.3,46.4,1405.3,471.1,2660.2,37116.8,60398.6
2023-09-04T12:00+02:00,0,2490,4618.9,5593,1599.9,426.9,3216.7,17.9,111.7,0.2,46.4,1405.3,453.4,2660.4,37945.7,59565.4
2023-09-04T12:15+02:00,0,2490.6,4615,5509.2,1599.5,426.3,3213.3,17.9,47.7,0.2,46.4,1407.4,450.9,2576.6,38586.7,59581.6
2023-09-04T12:30+02:00,0,2484.6,4626.5,5318.3,1605.4,426.6,3262.5,17.9,76,0.2,46.4,1406.7,441.7,2535.6,38960.5,59753.8
2023-09-04T12:45+02:00,0,2458.6,4578.1,5136.7,1606.2,426.9,3282.1,17.9,58.3,0.2,46.4,1411.1,409.4,2466.7,39263.1,59811.4
2023-09-04T13:00+02:00,0,2451.4,4571.3,5036.1,1594.4,426.9,3303.8,17.9,79.3,0.2,47.6,1410,364,2400.7,39360.6,59388
2023-09-04T13:15+02:00,0,2454.9,4570.2,5008.3,1585.4,426.9,3284.4,17.9,54.4,0.2,47.5,1399.6,345.6,2381.6,39259.1,58813.3
2023-09-04T13:30+02:00,0,2478.3,4572.9,4977.4,1582.1,426.9,3308.1,17.9,29.2,0.2,47.5,1376.6,324.5,2381.2,38958.3,58411.9
2023-09-04T13:45+02:00,0,2473.3,4531.6,4990.5,1587.3,426.9,3295.5,17.9,29.3,2.1,47.5,1367.9,324.2,2375.8,38640.1,57596.8
2023-09-04T14:00+02:00,0,2471.7,4525.3,5120.9,1584,426.5,3297,17.9,28.2,0.2,47.5,1398.2,330.9,2338.5,38154.8,57732.4
2023-09-04T14:15+02:00,0,2506.3,4524.8,5127.5,1594.1,426.5,3307,17.9,28.6,0.2,47.5,1409.4,326.4,2404,37496.8,57344.1
2023-09-04T14:30+02:00,0,2539.2,4531.9,5142,1594.4,426.9,3320.7,17.9,29.2,1.2,47.5,1402.7,313.3,2432.4,36618.4,57099.5
2023-09-04T14:45+02:00,0,2533.6,4487.6,5148.3,1599.4,427.9,3316.6,17.9,31.6,14.8,47.5,1386.5,290.4,2494.5,35718,57016.3
2023-09-04T15:00+02:00,0,2541,4506.5,5530.1,1615.6,427.7,3334.9,17.9,29,9.9,47.5,1389.2,293.8,2472,34676.1,56981.7
2023-09-04T15:15+02:00,0,2530.9,4495.4,5816.7,1629.4,428.4,3384.2,17.9,65.7,21.3,47.5,1402.4,281.2,2469.8,33471.1,56734.1
2023-09-04T15:30+02:00,0,2517.8,4482.8,5949.9,1673.4,428.4,3540.7,17.9,87.7,25.9,47.5,1397.8,284,2523.7,32005.5,56056.4
2023-09-04T15:45+02:00,0,2503.3,4451.9,6042.7,1850.9,428.4,3595.8,17.9,86.7,63.8,47.5,1389.8,278.2,2554.7,30511,55677.5
2023-09-04T16:00+02:00,0,2490.2,4447.8,6235,1871.7,428.4,3998,17.9,26.4,8.9,46.3,1388.3,311,2578.8,28698.9,55372.6
2023-09-04T16:15+02:00,0,2479.6,4446.8,6525.4,1927.8,428.4,4172.5,17.9,24.4,9.7,46.3,1354.4,388.9,2599.3,26862.6,55239.8
2023-09-04T16:30+02:00,0,2475.8,4445,6808.8,1995.1,428.4,4627,17.9,86.7,151.4,46.3,1353.7,424.7,2624.7,24851.8,55202.7
2023-09-04T16:45+02:00,0,2473,4448.1,7175.3,2249.3,429.2,5152.6,17.9,110,211,46.3,1355.8,452.8,2655.2,22672.6,55194.1
2023-09-04T17:00+02:00,0,2460.8,4448.3,7568.7,2394.7,428.9,5692.9,17.9,60.4,50.5,46.3,1385.7,443.1,2685.3,20371.2,55419.6
2023-09-04T17:15+02:00,0,2443.7,4437.5,8067.3,2612.4,427.8,5963.8,17.9,119.4,102.6,46.3,1406.9,395.6,2751.6,17880.7,55697.3
2023-09-04T17:30+02:00,0,2421.7,4451.9,8489.8,2917.1,426.9,6443.1,17.9,165,569.8,46.3,1409.5,378.7,2735.2,15349.6,56023.9
2023-09-04T17:45+02:00,0,2402.8,4461.7,8745.9,3115.5,426.1,7080,17.9,207.3,1173.6,46.3,1405.7,378.2,2768.2,12833.5,56169.2
2023-09-04T18:00+02:00,0,2384.9,4490.9,8868.3,3314.3,426.9,7973.9,17.9,81.5,770.3,46.3,1405.6,428.3,2808.4,10341.8,56547.6
2023-09-04T18:15+02:00,0,2367.9,4501.4,9016.8,3469.4,426.9,8383.2,17.9,153.5,1183.8,46.3,1406.3,378.9,2885.7,7905.9,56505.5
2023-09-04T18:30+02:00,0,2350.8,4510.5,9100.4,3584.3,426.9,8511.7,17.9,235.1,2514.8,46.3,1410.1,346.6,3025.3,5676.3,55995.6
2023-09-04T18:45+02:00,0,2339.2,4529.4,9162.6,3625.9,426.9,8615.6,17.9,284.5,3216.9,46.3,1405.1,351.8,3294.5,3761.1,55697.8
2023-09-04T19:00+02:00,0,2332.4,4540.4,9205.2,3637.2,428.9,9038.5,17.9,288,3161.3,46.3,1418.8,347.6,3595.1,2276.2,55653.9
2023-09-04T19:15+02:00,0,2338.2,4555.5,9338.6,3638.9,466.2,9204.8,17.9,267.2,3210.2,46.3,1413.2,385.1,4072,1220.6,55382.5
2023-09-04T19:30+02:00,0,2340.2,4550.1,9411.6,3648.6,499.2,9288,17.9,203.3,3155.2,46.3,1409.9,426.4,4659.2,460.2,54969.9
2023-09-04T19:45+02:00,0,2351.8,4575,9472.4,3643.1,520,9284.8,17.9,227.3,3057.1,46.3,1399.4,459.8,5371.8,105.1,54494.3
2023-09-04T20:00+02:00,0,2360.8,4586,9517.1,3658.5,471.6,9163.9,17.9,218.3,3048.2,45.2,1384.7,454.5,5870.6,13.1,54565.9
2023-09-04T20:15+02:00,0,2375.3,4579.8,9490.9,3655,427.5,8796.7,17.9,215.7,2885.7,45.4,1410.1,438.3,6321.7,0.6,54319.7
2023-09-04T20:30+02:00,0,2389.6,4600,9529.8,3644.5,426.9,8697.4,17.9,259.5,2637.7,45.6,1416.8,435,6971.6,0,54437
2023-09-04T20:45+02:00,0,2402.4,4627.6,9573.4,3603.7,426.9,8539.2,17.9,210.6,1768.7,45.7,1424.5,523.8,7609.6,0,53874
2023-09-04T21:00+02:00,0,2399.7,4622.4,9582.3,3521.1,426.9,8437.6,17.9,249.2,2377,45.7,1425,548.2,8221.3,0,52998
2023-09-04T21:15+02:00,0,2402.6,4620.3,9542.1,3443.3,426.9,8230.5,17.9,263.5,1597.1,45.3,1421.3,554.7,8809.1,0,52038
2023-09-04T21:30+02:00,0,2402.1,4634.2,9466.3,3292.2,426.9,7647.7,17.9,197.9,1185,45.1,1421.7,582.8,9280.3,0,51287.6
2023-09-04T21:45+02:00,0,2414.7,4656.1,9433.3,3248.4,426.9,7248.8,17.9,188.3,648.5,45.1,1417.4,597.5,9719.7,0,50300.8
2023-09-04T22:00+02:00,0,2419.3,4647.6,9402.8,3087.1,426.9,7047.3,17.9,264.9,607.1,45.1,1420.4,627.7,9937.3,0,49870.6
2023-09-04T22:15+02:00,0,2442.3,4649.7,9252.1,3007.3,426.9,6765,17.9,100.4,233.9,45.1,1423.2,613.2,10466.1,0,49175.4
2023-09-04T22:30+02:00,0,2456.1,4644.8,9062.8,2823.4,426.9,6373.7,17.9,109.1,83.3,45.9,1414.1,587.4,10940.6,0,48111.1
2023-09-04T22:45+02:00,0,2462.8,4650.1,8605.5,2699.5,426.9,6182.7,17.9,91.2,45.2,45.9,1416.7,577.5,11431.9,0,47408.4
2023-09-04T23:00+02:00,0,2472.6,4656.5,8240.9,2604.8,426.9,6179.4,17.9,125.8,236.8,45.9,1424.3,582.9,11739.2,0,46354.2
2023-09-04T23:15+02:00,0,2485.5,4667.2,8053,2327.8,426.9,5991.1,17.9,99.7,57.8,45.1,1419.3,571.2,11956.6,0,45684.2
2023-09-04T23:30+02:00,0,2498.7,4687.5,7959.7,1977.3,426.9,5708.4,17.9,118.1,76,45.1,1412.4,600.2,12128.6,0,45080.8
2023-09-04T23:45+02:00,0,2516.5,4680.8,7704.9,1827.1,426.9,5637.4,17.9,179.2,53.1,45.1,1384.9,610,12418.9,0,44426.1
2023-09-05T00:00+02:00,0,2535.9,4669.6,7566.3,1780.9,431.5,6034.8,17.9,257.3,292.3,45.8,1381.2,612.2,12514.4,0,43997.2
2023-09-05T00:15+02:00,0,2550.9,4672,7489.4,1775,431.5,5802.6,17.9,202.3,201.7,45.8,1393.2,600.3,12679.9,0,43517.9
2023-09-05T00:30+02:00,0,2567.6,4671.9,7419.7,1756.8,431.5,5674.6,17.9,165.6,162,45.8,1398.6,573.1,12573.5,0,42702.5
2023-09-05T00:45+02:00,0,2577.8,4631.5,7387.5,1729.1,431.5,5519.8,17.9,145.6,36.9,45.8,1383.5,570.1,12589.7,0,42148
2023-09-05T01:00+02:00,0,2583.4,4619.7,7263.5,1734,431.5,5227.9,17.9,229.8,233.2,45.8,1391.6,533.8,12565.9,0,42186
2023-09-05T01:15+02:00,0,2583.8,4618,7282.7,1734,431.5,5150.6,17.9,136.4,182.8,45.8,1406.7,523.4,12667,0,42144.1
2023-09-05T01:30+02:00,0,2581.5,4624.1,7226.8,1714.5,431.5,5111.6,17.9,89.5,19.6,45.8,1381.8,478.3,12737.9,0,41599.8
2023-09-05T01:45+02:00,0,2575.1,4594.1,7192.6,1699.5,431.5,5077.4,17.9,99.5,6.2,45.8,1395.8,426.3,12857.2,0,41434.9
2023-09-05T02:00+02:00,0,2567.2,4578.4,7234.8,1546.3,431.5,5075.6,17.9,138,88.4,45.8,1414.5,388.1,12844.5,0,40949.3
2023-09-05T02:15+02:00,0,2558.2,4566.1,7191,1520.1,432.2,4977.7,17.9,93.8,4.3,45.8,1413.2,351.5,12694.4,0,40790.3
2023-09-05T02:30+02:00,0,2552.8,4556.6,7151.3,1518.8,431.6,4973.8,17.9,233,13.3,45.8,1417.8,329.3,12642.7,0,40873
2023-09-05T02:45+02:00,0,2549.6,4510,7160.9,1517,431.5,5034.3,17.9,247.2,16.9,45.8,1428.1,292.9,12517,0,40904.6
2023-09-05T03:00+02:00,0,2544.3,4504.1,7236,1547.4,431.5,4896.3,17.9,235.6,5.1,45.8,1416.6,271.8,12246.6,0,40964.5
2023-09-05T03:15+02:00,0,2541.2,4490.4,7210.7,1561.1,431.5,4883.2,17.9,228,25.2,45.8,1418.4,275.9,12121.7,0,41081.7
2023-09-05T03:30+02:00,0,2537,4489.5,7191.4,1562.1,431.5,4874.3,17.9,160,62.6,45.8,1417.9,248.3,12075,0,41130.5
2023-09-05T03:45+02:00,0,2539.4,4459.4,7202.8,1561.8,431.5,4931,17.9,146.3,58,45.9,1411.7,199.1,12069.5,0,41227.2
2023-09-05T04:00+02:00,0,2540.4,4453.8,7328.2,1524.1,431.5,4940.3,17.9,135.9,74.7,45.9,1394.8,137.4,12082.3,0,41246.6
2023-09-05T04:15+02:00,0,2543,4456,7365.1,1511.3,431.5,4967,17.9,129.1,122.2,46,1394.9,98.1,11975.1,0,41460.8
2023-09-05T04:30+02:00,0,2541.2,4445.4,7441,1519.8,431.5,5041.2,17.9,199.2,143.1,45.9,1405.8,83.6,11848.5,0,41795.3
2023-09-05T04:45+02:00,0,2540.6,4388,7390.8,1643.7,431.5,5392.5,17.9,196.2,64.4,45.9,1405.1,71,11810.3,0,42127.6
2023-09-05T05:00+02:00,0,2536,4381.2,7814.2,1679.3,431.5,5893.8,17.9,89.6,18.5,45.9,1409.6,61.6,11839.2,0,43403.3
2023-09-05T05:15+02:00,0,2529.6,4382.1,8331.2,1793,431.5,6035.6,17.9,83.8,23.9,45.9,1409.4,63.5,11823.2,0,44053.6
2023-09-05T05:30+02:00,0,2526.4,4393.8,8780.2,1809.9,431.5,6411.3,17.9,52.3,67.2,45.9,1405.9,69.4,11735.8,0,45399.3
2023-09-05T05:45+02:00,0,2524.8,4390.5,8963.5,1834.3,431.5,6475.4,17.9,192,319.5,45.9,1408.1,67.5,11652.5,0,46903.4
2023-09-05T06:00+02:00,0,2525.3,4404.2,9345.7,1873.4,432.3,6541.8,17.9,170.6,290.9,45.9,1408,57.9,11720.7,1.7,49909.5
2023-09-05T06:15+02:00,0,2524.8,4411.3,9548.2,1954.9,431.6,6762.1,17.9,188.8,1184.1,45.9,1402.5,56.9,11576.8,8.7,51752.1
2023-09-05T06:30+02:00,0,2523.6,4421.3,9643.6,2129.6,431.5,6799.9,17.9,137.8,1771.3,45.9,1379.4,73.1,11475.1,65.8,52850.7
2023-09-05T06:45+02:00,0,2522.7,4437.2,9667.6,2190.7,431.5,6886.8,17.9,157.8,2027.9,45.9,1389.3,98.2,11633.7,276.3,53516.4
2023-09-05T07:00+02:00,0,2522,4431.9,9666.6,2296.3,431.5,6950.7,17.9,110.8,2263.6,45.2,1402.7,96.4,11364,1084.5,55008
2023-09-05T07:15+02:00,0,2520.2,4441.2,9652.3,2308.1,431.5,6965.8,17.9,197.5,2487.9,45.2,1397.4,99.9,11043,2273.3,56090.3
2023-09-05T07:30+02:00,0,2522.1,4451.6,9618.5,2332.5,431.5,6944.9,17.9,107.3,2420.8,45.2,1395.6,102.6,10749.8,3854.8,56847.3
2023-09-05T07:45+02:00,0,2503.1,4474.6,9714.6,2427.5,431.5,6871.9,17.9,83.2,1687.7,45.2,1401.7,106.1,10456.5,5818.5,57684.6
2023-09-05T08:00+02:00,0,2528.8,4487.9,9738.5,2353.9,431.5,6890.6,17.9,106.1,2458,45.2,1407.7,103.8,9856.8,8013.7,58493.9
2023-09-05T08:15+02:00,0,2554.6,4493.1,9783.1,2355.3,431.5,6853.8,17.9,86.2,1393,45.2,1406.7,87.5,9139.6,10361.5,59408.6
2023-09-05T08:30+02:00,0,2562,4499.6,9790.7,2275.6,431.5,6682.8,17.9,56.4,896.1,45.2,1400.8,79.7,8164.5,12807,60292.7
2023-09-05T08:45+02:00,0,2573.4,4544.2,9709.5,2245.8,431.5,6521.9,17.9,46.6,211.1,45.2,1397.4,75.3,7165,15313,60814.3
2023-09-05T09:00+02:00,0,2576,4521.5,9651.3,2249.9,431.5,6623.4,17.9,181.7,747.7,45.2,1395.8,80.8,6227.6,17820.1,60686.5
2023-09-05T09:15+02:00,0,2585.8,4520.5,9557.5,2197.9,431.5,6592.4,17.9,93.1,405.9,45.2,1378.3,85.3,5524.1,20242.5,61061.1
2023-09-05T09:30+02:00,0,2601.4,4522.5,9182.9,2164.8,431.5,6354.2,17.9,87.5,329.6,45.2,1382.4,92.4,4931.5,22539.4,61573.6
2023-09-05T09:45+02:00,0,2609.4,4541.2,8358.6,2114,431.5,5882.7,17.9,56.7,412.9,49.1,1380.8,91.8,4523.7,24603.3,61833.4
2023-09-05T10:00+02:00,0,2594.3,4540.8,7688.4,1955.6,431.5,5162.4,17.9,184.4,556.3,49.1,1369.6,92.4,4185.9,26443.6,61465.5
2023-09-05T10:15+02:00,0,2521.3,4537.8,7277.1,1846.9,431.5,4708.2,17.9,86.1,155.6,49.1,1368.5,110.7,4044.9,28395,61467.6
2023-09-05T10:30+02:00,0,2448.7,4548.9,7068.1,1829,431.5,4355.6,17.9,46.1,28.6,49.1,1368.2,115.2,3955.1,30139.8,61632.4
2023-09-05T10:45+02:00,0,2427.6,4590.9,6774.5,1772.1,431.5,4001.4,17.9,79.2,24.7,50.8,1348.5,153.4,3830.6,31634.1,61874.3
2023-09-05T11:00+02:00,0,2407.1,4604.1,6857.8,1812.5,431.5,4224.7,17.9,101.1,338.8,50.8,1363.4,167.3,3721.2,33043.1,61920.4
2023-09-05T11:15+02:00,0,2400.1,4617.2,6806.4,1819.9,431.5,4180.2,17.9,85.3,93.8,50.9,1358.5,141.2,3647,34317.1,62218.4
2023-09-05T11:30+02:00,0,2402.2,4627.5,6789.9,1831.1,430.9,4023.7,17.9,37.5,14.5,50.9,1337.2,112.7,3588,35443.2,62935.7
2023-09-05T11:45+02:00,0,2404.1,4629.9,6525.6,1855.8,431.5,3976.5,17.9,80.7,75.7,50.9,1360,97.6,3535.1,36373.2,63115.3
2023-09-05T12:00+02:00,0,2412.6,4650.7,6328.8,2003.1,431.5,3925.6,17.9,170.7,286.8,50.9,1360.6,97.1,3416.9,37132.5,62666.1
2023-09-05T12:15+02:00,0,2423.1,4654.9,6346.3,2030.1,431.5,3985.1,17.9,87.1,85.9,50.8,1366.3,108.2,3310.2,37709.1,62592
2023-09-05T12:30+02:00,0,2427.7,4661.8,6246.4,2032.8,431.5,3974.5,17.9,67.1,71.6,50.8,1374.1,120.6,3222.8,38165.7,62433.6
2023-09-05T12:45+02:00,0,2439.8,4625.1,6281.3,1948,431.5,3959.3,17.9,67.9,50.2,50.8,1377,135.5,3137.4,38513.9,62136.3
2023-09-05T13:00+02:00,0,2448.5,4610.3,6258,1831.3,431.5,3702.6,17.9,79.8,54.9,50.7,1364.4,122.5,3005,38622.3,61575
2023-09-05T13:15+02:00,0,2469.2,4616,6222.8,1798.5,431.5,3581.6,17.9,59.8,47.2,50.7,1359.7,144.2,2890.3,38590.7,61264.1
2023-09-05T13:30+02:00,0,2441.1,4609,6267,1784.7,431.5,3535.7,17.9,57.1,55.6,50.7,1338.6,178,2833.2,38429.7,60867.1
2023-09-05T13:45+02:00,0,2431.3,4576.4,6299.6,1761,431.4,3577.8,17.9,41.5,25.5,50.7,1347.7,202.1,2788.2,38123.9,60296
2023-09-05T14:00+02:00,0,2420.7,4568,6444.9,1770,430.9,3528.5,17.9,61.1,49.8,50.7,1343.8,254.5,2743.4,37668.7,60040.1
2023-09-05T14:15+02:00,0,2468.1,4555.7,6607.7,1794.6,431.5,3749.2,17.9,67,81.1,50.7,1326.6,274,2686.2,37044.9,59826.9
2023-09-05T14:30+02:00,0,2505.1,4548.4,6766.6,1832.9,431.5,3869.6,17.9,98.2,84.2,50.7,1316,266.8,2598.9,36302.1,59905.9
2023-09-05T14:45+02:00,0,2491.4,4511.7,6878.5,1851.8,430.8,3836.8,17.9,140.1,102.6,50.8,1298.7,283.4,2569.5,35342.5,59540.9
2023-09-05T15:00+02:00,0,2482.5,4491.8,6902.4,1831.9,431.5,4026.1,17.9,164.6,22.3,50.8,1287,322.3,2558.2,34119.5,59146.5
2023-09-05T15:15+02:00,0,2489.6,4486.1,7109.2,1851.8,431.5,4040.9,17.9,206.1,54.7,50.7,1302.6,359,2495.2,32921.8,58796.3
2023-09-05T15:30+02:00,0,2469.5,4483.5,7321.8,1856.4,431.5,4069.1,17.9,193.6,17.7,50.7,1322.2,390.5,2472.8,31473,58141.8
2023-09-05T15:45+02:00,0,2466.3,4443.9,7373.7,1860.1,431.5,4058.4,17.9,229.4,107.3,50.7,1357.1,402.9,2467,29787,57471.1
2023-09-05T16:00+02:00,0,2472.6,4445.9,7466.8,1955.6,431.5,4324.2,17.9,140,28.2,50.7,1358.1,439.2,2471.3,28109.9,57459.7
2023-09-05T16:15+02:00,0,2495.3,4440.7,7514,2088.2,431.5,4385.8,17.9,159.6,40.1,50.7,1351.1,504.6,2431.8,26297.1,56944.2
2023-09-05T16:30+02:00,0,2560.2,4451,7992.1,2128.6,431.5,4468.4,17.9,156.6,94.9,50.7,1348.1,481.9,2393.1,24250.8,56784.6
2023-09-05T16:45+02:00,0,2532.3,4424.4,8793.2,2278.3,431.5,4692.8,17.9,177.5,622.5,50.7,1348.9,433.4,2374,22142.7,56725.3
2023-09-05T17:00+02:00,0,2486.7,4436.3,9582.7,2397.7,431.5,5729,17.9,114.4,147.1,50.7,1349,405.3,2327.7,19881.8,56859.7
2023-09-05T17:15+02:00,0,2498.9,4422.6,10187.3,2523.5,431.5,6087.2,17.9,137.5,337.5,50.7,1355.4,410.3,2310.3,17513.5,56902.2
2023-09-05T17:30+02:00,0,2497.5,4423.7,10531.4,2837.5,431.5,6932.9,17.9,147.8,563.2,50.7,1369.7,433.2,2310,15057.6,56646.1
2023-09-05T17:45+02:00,0,2490,4454.7,10725.7,3143,432.1,7460.2,17.9,178.1,1125.7,50.7,1364,449.7,2310.5,12658.1,57077.4
2023-09-05T18:00+02:00,0,2480,4489.7,11018.3,3435.8,433.1,7966.3,17.9,76.2,685.7,50.7,1332.9,480,2463.2,10207.4,56956.1
2023-09-05T18:15+02:00,0,2467.1,4498.9,11218,3678.6,433.1,8399.7,17.9,213.6,1341.7,50.7,1367.1,512.9,2602.7,7788.1,56672
2023-09-05T18:30+02:00,0,2452.8,4499.5,11342.7,3739.9,434.5,8614.6,17.9,277.2,2056,50.7,1374.8,512,2733.9,5635.6,56388.3
2023-09-05T18:45+02:00,0,2437.5,4535.5,11442.3,3765.5,434.6,8889.1,17.9,331.1,2534.7,46.4,1355,539.2,2876.6,3763.2,55986.7
2023-09-05T19:00+02:00,0,2428.5,4552.8,11455.4,3530.2,435.6,9203.5,17.9,336.8,3175.8,46.4,1338.1,615.3,3025.6,2308.3,56087.7
2023-09-05T19:15+02:00,0,2423.5,4551.7,11535.6,3499.4,478.3,9198.7,17.9,370.3,3493.9,46.5,1313.6,689.6,3347.5,1257.1,55789.9
2023-09-05T19:30+02:00,0,2423.2,4555.7,11540.5,3487.6,496.4,9277.6,17.9,377.3,3605.2,46.5,1334.3,776.1,3935.5,457.2,55761.9
2023-09-05T19:45+02:00,0,2425.6,4577.5,11551.4,3497.5,496.5,9300.7,17.9,367.3,3511,46.4,1354.7,860.2,4635.9,98.2,55571.1
2023-09-05T20:00+02:00,0,2422,4581.2,11632.6,3489.1,472.6,9312,17.9,369.9,3383.3,46.5,1312.7,968.9,5071.5,12.6,55648
2023-09-05T20:15+02:00,0,2420.6,4588.2,11744.2,3477.1,434.6,9149.4,17.9,366.2,2953.4,46.5,1309.5,1067.9,5590.1,0.6,55561.6
2023-09-05T20:30+02:00,0,2416,4602.4,11855.5,3450.9,435.6,9149.8,17.9,368.6,2280.5,46.4,1315,1158.8,6322.3,0,55287.8
2023-09-05T20:45+02:00,0,2415.5,4636.4,11856.2,3333.1,434.6,9095.4,17.9,294.3,1429.8,46.4,1330.8,1210.2,6950.8,0,54651.4
2023-09-05T21:00+02:00,0,2409.6,4625.2,11897.5,3184.1,434.6,9093.8,17.9,405.1,1333.1,47.6,1344.3,1244.6,7464.3,0,53890.9
2023-09-05T21:15+02:00,0,2410.4,4638.2,11846.8,3148,435.4,8913.2,17.9,350.6,1112.7,47.5,1354,1300,7834.7,0,53174.8
2023-09-05T21:30+02:00,0,2406.9,4651.5,11833.4,3105.7,435.7,8615.1,17.9,105.2,701.7,47.5,1365.5,1354,8170.9,0,52262.1
2023-09-05T21:45+02:00,0,2406.9,4677.6,11770.2,3059.6,435.4,8137.5,17.9,189.5,452.7,47.5,1364.9,1404,8470,0,51205.4
2023-09-05T22:00+02:00,0,2407.4,4675.7,11664.7,3067.3,435,7998.5,17.9,255.5,501.5,47.5,1353.2,1511.5,8431.2,0,50275.1
2023-09-05T22:15+02:00,0,2410.3,4674.1,11561.1,3050.8,434.6,7747.6,17.9,101,271.9,47.6,1380.6,1511.9,8482.2,0,49540.6
2023-09-05T22:30+02:00,0,2411.9,4687.5,11470.5,2885,434.6,7379.1,17.9,127.3,150.7,47.5,1375.3,1468.1,8528.4,0,48792.7
2023-09-05T22:45+02:00,0,2414,4696.8,11264.4,2842.9,434.6,6832.1,17.9,99.1,147.6,47.5,1347.2,1450.9,8519.8,0,47750.3
2023-09-05T23:00+02:00,0,2416.4,4696.6,11032.7,2690.8,434.6,6432.2,17.9,235.6,294.1,47.5,1331.4,1466.3,8319.9,0,46982.8
2023-09-05T23:15+02:00,0,2426.9,4692.7,10533.7,2683.2,434.7,6325.7,17.9,190.9,408.3,47.5,1373.1,1425.2,7924.4,0,46574.4
2023-09-05T23:30+02:00,0,2440.9,4697.1,10083.5,2724.9,436,6307.7,17.9,187.9,415.8,47.5,1388.5,1425.8,7652.6,0,45838.5
2023-09-05T23:45+02:00,0,2453.3,4675,9954.3,2621.9,435.2,6299.7,17.9,102.8,304.1,47.5,1389.3,1392.8,7412.1,0,45439.6
2023-09-06T00:00+02:00,0,2467.5,4665.4,9790.9,2610.8,435.8,6337.9,17.9,131.9,281.1,46.7,1249.6,1355.5,7113.7,0,44837.1
2023-09-06T00:15+02:00,0,2488.2,4664.2,9650.8,2467.6,436.9,6251.2,17.9,124.5,259.3,46.7,1251.8,1332.1,6933,0,44477.6
2023-09-06T00:30+02:00,0,2508,4659.7,9584.5,2421.3,436.9,6193.4,17.9,95.5,232.7,46.8,1241.5,1332.6,6734.1,0,43922
2023-09-06T00:45+02:00,0,2516.3,4620.8,9488.5,2249.8,435.6,6107.9,17.9,114.1,167.8,46.8,1244.1,1357,6507.7,0,43502.8
2023-09-06T01:00+02:00,0,2514.7,4598.9,9239.8,2092.1,436.2,5800.1,17.9,127.5,167.4,46.7,1243.8,1320.3,6218.8,0,42423.1
2023-09-06T01:15+02:00,0,2522.8,4591.3,9044.9,2016.5,435.4,5781,17.9,142.2,179.8,47.9,1239.9,1290.9,6018,0,42282.2
2023-09-06T01:30+02:00,0,2532.8,4591.4,9023.6,1972.5,435.4,5851,17.9,129.5,46.8,47.9,1245.4,1247.5,5910.4,0,41993.7
2023-09-06T01:45+02:00,0,2529.6,4540.6,9062.4,1957.1,435.4,5920.2,17.9,122.2,41.4,47.9,1244.9,1263.2,5706.9,0,41590.7
2023-09-06T02:00+02:00,0,2529.6,4524.7,9200.1,1950.3,435.6,5713.8,17.9,181.7,24,47.9,1248.3,1288.5,5380,0,41048.3
2023-09-06T02:15+02:00,0,2524,4514.3,9199.9,1952,436,5762.9,17.9,220.9,58.1,47.9,1252.6,1249.3,5132.2,0,40840.4
2023-09-06T02:30+02:00,0,2518,4510.8,9207.2,1943.8,436.3,5780.8,17.9,227.1,76.3,47.9,1252.7,1237.9,4894.4,0,40960.2
2023-09-06T02:45+02:00,0,2511.5,4436.6,9300.5,1932,436.3,5783,17.9,254.3,73.8,48,1254.3,1222.2,4697.3,0,40709.1
2023-09-06T03:00+02:00,0,2506.2,4418.3,9639,1968,436.5,5799.9,17.9,216.5,37.1,48,1234.3,1235.2,4474.7,0,40632.1
2023-09-06T03:15+02:00,0,2499.5,4413.7,9705.6,2012.9,435.4,5806.9,17.9,234.5,69.8,48,1232.9,1206.1,4266.1,0,40670.7
2023-09-06T03:30+02:00,0,2492.6,4411.8,9709.4,2027.1,435.4,5849.4,17.9,217.7,56.6,47.9,1254.6,1133.7,4081.7,0,40513.8
2023-09-06T03:45+02:00,0,2493.3,4384.4,9898.6,2000.2,435.4,5840.5,17.9,221.9,59.2,47.9,1242.5,1066,3838.4,0,40703.2
2023-09-06T04:00+02:00,0,2498.3,4380,10048.3,1947.9,436.1,5979.6,17.9,194.6,30.2,47.9,1219,1052.5,3645.7,0,41487.3
2023-09-06T04:15+02:00,0,2500.6,4368.8,10163.2,1973,436.9,5983.6,17.9,207.8,41.4,47.9,1221.3,1052.3,3477.4,0,41665.6
2023-09-06T04:30+02:00,0,2510.7,4369.3,10289.2,2095.6,435.6,6091.4,17.9,230.9,101.9,47.9,1231.8,1084.8,3245.7,0,42231.4
2023-09-06T04:45+02:00,0,2508.4,4344.9,10515.5,2265.7,435.4,6160.7,17.9,191.6,228.1,47.9,1228.3,1126.3,3035.2,0,42950.1
2023-09-06T05:00+02:00,0,2507.3,4349.5,10882,2511.3,434.8,6446.8,17.9,137.3,217.1,47.9,1240.5,1114.4,2853.3,0,43887.3
2023-09-06T05:15+02:00,0,2504.8,4356.7,11172,2638.9,434.7,6634.1,17.9,96.8,294.6,47.9,1243,1069.8,2738.1,0,44470.2
2023-09-06T05:30+02:00,0,2504.4,4357.4,11258.1,2787.4,435.4,6982,17.9,179.9,535.4,47.9,1255,1045,2698.9,0,45108.5
2023-09-06T05:45+02:00,0,2504.8,4361.9,11305.9,3020.9,436.4,7246.8,17.9,249.6,836,47.9,1254.6,1040.7,2661.1,0,46781.7
2023-09-06T06:00+02:00,0,2511.8,4388,11261.3,3154.2,434.5,7764.6,17.9,192.5,1050.3,48,1252.6,1058,2597.1,1.7,49393.5
2023-09-06T06:15+02:00,0,2512.1,4382.8,11305.4,3232.5,434.7,8118.3,17.9,256.3,1527.7,47.9,1236,1018.2,2571.9,7.5,50869.3
2023-09-06T06:30+02:00,0,2510.2,4368,11291.7,3288,436.3,8327.6,17.9,357.4,2127.5,47.9,1246.6,1010,2582.3,54,51863.1
2023-09-06T06:45+02:00,0,2511.7,4373.9,11328.2,3318.4,435.5,8643.9,17.9,241.5,2357.6,47.9,1254.7,1005.4,2752.7,256,52565.7
2023-09-06T07:00+02:00,0,2512.9,4380.5,11309.4,3467.5,458.4,8755.7,17.9,198,2850.4,48,1258.4,976.2,2849.6,1015.5,53930.9
2023-09-06T07:15+02:00,0,2507.4,4383.6,11299.8,3507.6,491.8,8752.3,17.9,224.2,2870.8,47.9,1264.3,945.4,2861.2,2172.6,55188.3
2023-09-06T07:30+02:00,0,2511.8,4389.6,11261.9,3544.7,452.4,8746.6,17.9,215.9,2684.8,47.9,1265.4,921.4,2851.3,3725.9,56054.4
2023-09-06T07:45+02:00,0,2508.9,4415.8,11256.3,3543.1,433.8,8650.5,17.9,297,2074.7,47.9,1265,908.5,2858.2,5708.7,57103.8
2023-09-06T08:00+02:00,0,2519.1,4430.5,11196,3467.1,434.9,8458,17.9,345.2,2402,47.9,1254.5,890.6,2876.1,7928.1,57400.8
2023-09-06T08:15+02:00,0,2526.7,4421.5,11120.5,3467.9,435.4,8219.4,17.9,297.5,1665.6,48,1264,832.5,2831.5,10293.9,59162.6
2023-09-06T08:30+02:00,0,2529.1,4449.7,11039,3460.8,435.4,8104.4,17.9,200.5,1147.9,47.9,1268.1,809.3,2730.4,12703.2,60291.4
2023-09-06T08:45+02:00,0,2540.6,4495.2,11089.3,3411.3,435.4,7866.2,17.9,109.5,531.3,47.9,1253.3,785.4,2493.3,15240.6,60594.9
2023-09-06T09:00+02:00,0,2547.9,4507.9,10967.1,3379.4,433.9,7873.3,17.9,361.6,1174.2,48,1253.7,753.2,2217.7,17799.9,60296
2023-09-06T09:15+02:00,0,2554.6,4511.8,10865.4,3288.9,433.8,7788.4,17.9,224.7,637,48,1239.7,708.1,1914.4,20235,60880.4
2023-09-06T09:30+02:00,0,2568.3,4544.8,10830.4,3132.9,433.8,7581.8,17.9,145.7,184.8,49.3,1245.4,708.4,1649.8,22606.8,61716.8
2023-09-06T09:45+02:00,0,2577.3,4569.6,10212.9,3032.9,433.8,6841.9,17.9,99.1,119.5,49.3,1245.9,700,1411,24829.1,62008.1
2023-09-06T10:00+02:00,0,2583.8,4575.7,9591,2922.6,433.8,5957,17.9,181.7,271,49.3,1239.3,702.7,1244.2,26950.2,61168.1
2023-09-06T10:15+02:00,0,2591.4,4598.3,8986.7,2849,433.8,5547.4,17.9,132.5,84.5,49.3,1220.8,727.5,1133.1,28770.3,61717.2
2023-09-06T10:30+02:00,0,2591.7,4592.7,8467.5,2652.8,434.9,5336.8,17.9,110.5,47.1,48.1,1203.6,761.3,1074.5,30512.8,61964.7
2023-09-06T10:45+02:00,0,2602.5,4618.1,8140.2,2543.5,433.8,5132.9,17.9,155.5,0.8,48.1,1189.3,816.1,1064.2,32059.8,62571.4
2023-09-06T11:00+02:00,0,2607.6,4646.5,7969.7,2438.6,433.8,4493.5,17.9,204.7,83.8,48.1,1207.2,849.4,1126.2,33490.7,62467.5
2023-09-06T11:15+02:00,0,2605.4,4650.1,7675.6,2421.7,433.8,4302.3,17.9,142.3,11.5,48.1,1209.9,822.8,1201.9,34918.4,63616.4
2023-09-06T11:30+02:00,0,2616.9,4664,7552.6,2425.4,434.4,4157,17.9,101.8,0.9,48.1,1208.5,836.7,1333.7,36052.4,63888.1
2023-09-06T11:45+02:00,0,2619.9,4683.1,7376.2,2423.5,435.4,4116.6,17.9,96.3,7.7,48.1,1197.8,820.6,1439.8,37020.3,63138.4
2023-09-06T12:00+02:00,0,2632,4677,7376.2,2362.9,435.1,4297.9,17.9,180.9,225.8,48.1,1204.2,812.7,1503.1,37850.6,62746.1
2023-09-06T12:15+02:00,0,2613.9,4663.9,7219.6,2340,434.2,4233.5,17.9,131.8,115.2,48,1216.6,830.2,1616.4,38506.8,62510.7
2023-09-06T12:30+02:00,0,2615.5,4655.7,7174.7,2340.3,434.8,4221.2,17.9,67.3,39.2,47.9,1208.7,838.4,1721.1,38957.2,62225.7
2023-09-06T12:45+02:00,0,2614.4,4607.2,6933.7,2341.1,434.7,4217.9,17.9,81.8,8.2,47.9,1205.6,878.9,1781.3,39225.7,62206
2023-09-06T13:00+02:00,0,2617.2,4604.3,6668.1,2309.1,435.4,4040.1,17.9,62.5,5.2,47.9,1198.4,925.5,1837.2,39367,61970.5
2023-09-06T13:15+02:00,0,2618.2,4607.5,6579.6,2072.1,434.4,3988,17.9,60.8,5.9,48.1,1195,972.9,1888.3,39301.5,61739.2
2023-09-06T13:30+02:00,0,2602.9,4577.8,6585.8,2038.4,433.8,3978.5,17.9,90.7,25.4,46.8,1194.4,1001.2,1950,39082.5,60949.4
2023-09-06T13:45+02:00,0,2593.6,4522.3,6585.1,2035.2,434,3969.4,17.9,64.6,2.3,46.8,1191.5,993.9,1982.7,38708.1,60378
2023-09-06T14:00+02:00,0,2584.9,4501.8,6531.2,2023.5,434.5,4095.4,17.9,101.6,5,46.9,1188.1,1021.2,1986.5,38172.4,59986.1
2023-09-06T14:15+02:00,0,2580.9,4478,6576,2037.1,434.8,4190.3,17.9,148.9,8.9,46.9,1185.5,1054.4,1967.1,37496.4,60171.6
2023-09-06T14:30+02:00,0,2574.7,4477.7,6678.5,2034.9,435.4,4233.9,17.9,181.7,12,46.8,1188.3,1064,1940,36619.4,59735.8
2023-09-06T14:45+02:00,0,2573.2,4416.9,6979.1,2027.8,435.4,4289.7,17.9,179.4,51.5,46.9,1176.6,1030.8,1977.9,35595.9,59194.8
2023-09-06T15:00+02:00,0,2576.6,4409.1,7151.6,2097.2,434.2,4292.9,17.9,117,1.9,46.9,1135.7,1005.7,2024.6,34430,58989
2023-09-06T15:15+02:00,0,2577.7,4410.5,7362.5,2113.2,434.7,4433.6,17.9,130.2,9.5,46.9,1122.5,983.1,2064.7,33149.9,58756.7
2023-09-06T15:30+02:00,0,2559.4,4396.9,7711.3,2088.9,433.8,4450.9,17.9,154.9,67.5,46.8,1143.3,982.2,2125,31729.7,58100.7
2023-09-06T15:45+02:00,0,2552.7,4355.1,8086.2,2122.5,433.8,4737.2,17.9,275.9,57.6,46.8,1164.6,959.3,2215.6,30084.4,57367.2
2023-09-06T16:00+02:00,0,2559.4,4349.6,8600.7,2086.2,434.2,5233.8,17.9,146.4,0.6,46.8,1178.2,907.7,2329.9,28245.5,57328.6
2023-09-06T16:15+02:00,0,2554.7,4362.6,8921.9,2076.2,434.9,5342.5,17.9,150.9,8.5,46.8,1179.7,868.6,2448.7,26242.7,57034.9
2023-09-06T16:30+02:00,0,2543.5,4363.9,9254.2,2175.1,433.8,5414.7,17.9,172.9,229.9,46.8,1178.3,799.3,2548.4,24149.9,56682.3
2023-09-06T16:45+02:00,0,2539.4,4346.9,9720.5,2340.4,433.8,5600.3,17.9,151.2,472,46.8,1182.2,710.7,2613.9,21959.4,56370.8
2023-09-06T17:00+02:00,0,2531.9,4340.4,10401,2662.3,434.6,6337.6,17.9,105.2,197.9,46.8,1182,650.3,2755.8,19570.2,56642
2023-09-06T17:15+02:00,0,2516.2,4343.4,10713.5,2782.8,434.3,7084.6,17.9,137.2,781.1,46.8,1131.1,646.8,2891.2,17115.2,56511.3
2023-09-06T17:30+02:00,0,2503.3,4357.2,10780.8,2985.4,433.6,7739.3,17.9,141.1,1684.9,46.7,1092.5,676.9,3089.6,14650.2,56245.6
2023-09-06T17:45+02:00,0,2480.6,4372.6,10795.3,3201,432.3,7972.2,17.9,204.7,2606.8,45.4,1151.9,734.2,3237.3,12133.7,55991.1
2023-09-06T18:00+02:00,0,2460,4381.7,10845.5,3509.5,432.3,8265.2,17.9,133.4,1469.8,45.4,1191.3,764,3381.8,9684.7,56636.1
2023-09-06T18:15+02:00,0,2451.5,4392.7,11155.3,3878,431.1,8515.2,17.9,178.4,1808.9,45.5,1177.8,748.2,3560.6,7461.7,56994.8
2023-09-06T18:30+02:00,0,2446.5,4399.6,11195.8,4011.4,430.8,8752.7,17.9,216.9,2682.2,45.5,1136.6,793.9,3789.9,5410.6,56559.5
2023-09-06T18:45+02:00,0,2437.3,4430.7,11201.4,4094.8,430.6,8953,17.9,231.6,2963.7,45.5,1143,868.5,4087.8,3584.2,56585.2
2023-09-06T19:00+02:00,0,2437.1,4481.6,11147.4,4172.5,429.2,9133.1,17.9,221.2,3062.6,45.4,1174.8,970.2,4402,2099,56624
2023-09-06T19:15+02:00,0,2426,4424.6,11195.3,4190.8,429.2,9192.6,17.9,229.2,3076.3,45.4,1192,1073,5149.9,994.6,56807.5
2023-09-06T19:30+02:00,0,2416.7,4463.4,11206.8,4229.9,429.2,9134.4,17.9,225,3078.1,45.4,1205.7,1176.9,6116.2,333.1,56487.9
2023-09-06T19:45+02:00,0,2417.7,4489.1,11211.7,4262,428.7,8993.6,17.9,209.9,3062,45.5,1216.6,1336.1,7220.7,62.2,56592.9
2023-09-06T20:00+02:00,0,2415.6,4519.2,11288.3,4289.6,427.7,8950.3,17.9,240.9,2930.8,45.5,1208.4,1458.9,7824.6,7.4,56600.9
2023-09-06T20:15+02:00,0,2413,4543,11295.3,4332.8,427.7,8747.9,17.9,192.3,2742.3,45.5,1202.3,1606.4,8703.8,0.4,56556.6
2023-09-06T20:30+02:00,0,2408.6,4563.3,11300.7,4306.7,427.7,8746.1,17.9,172.6,2088.1,45.5,1176,1734.4,9711.9,0,56314.2
2023-09-06T20:45+02:00,0,2401.6,4585.2,11049.8,4228.9,427.7,8733.6,17.9,151.9,1696.2,45.5,1179.4,1860.3,10662,0,55719.8
2023-09-06T21:00+02:00,0,2395,4603.3,10912.3,4064.5,427.7,8575.3,17.9,218.8,2176,45.5,1199.4,2100,11389.2,0,54557.6
2023-09-06T21:15+02:00,0,2392.4,4612.5,10832.9,3922.7,427.7,8322.6,17.9,158.1,1636.7,45.5,1226.2,2302.2,12051.7,0,53821.1
2023-09-06T21:30+02:00,0,2392.3,4629.5,10845.3,3801,427.7,8061.9,17.9,99.9,1299.5,45.5,1241.1,2414.4,12561,0,52940.3
2023-09-06T21:45+02:00,0,2391.3,4656.2,10763.9,3596.7,426.7,7779.1,17.9,143.4,853.3,45.5,1254.9,2400.4,12983.9,0,52204.7
2023-09-06T22:00+02:00,0,2393.3,4662.5,10680.5,3219.2,426.1,7521.7,17.9,246.3,637.8,45.5,1237.6,2394.3,13076.4,0,51078.7
2023-09-06T22:15+02:00,0,2401.2,4678.3,10603.6,2806.3,427.6,7358.5,17.9,219.9,432.6,45.5,1229.4,2432.6,13299.1,0,50250.3
2023-09-06T22:30+02:00,0,2413.6,4687.3,10612.5,2594.3,426.1,7190.7,17.9,182.8,380.6,45.5,1232.1,2464,13320.2,0,49066.7
2023-09-06T22:45+02:00,0,2417.9,4687,10565.9,2289.8,426.1,6764.3,17.9,150.1,125.8,45.5,1225.4,2524,13339.2,0,48396.9
2023-09-06T23:00+02:00,0,2427.3,4682.1,10526.1,2166.2,426.1,6253.6,17.9,207.1,324.4,45.5,1225.3,2532.1,13203.7,0,47191.9
2023-09-06T23:15+02:00,0,2439.1,4688.1,10359.9,2055.7,426.1,5860.4,17.9,167.9,264.2,45.5,1221.6,2506.8,12962.1,0,46571.4
2023-09-06T23:30+02:00,0,2453.2,4701.6,10208.2,2047.5,426.1,5508.2,17.9,158.4,167.1,45.5,1218.3,2467,12777.2,0,45909.6
2023-09-06T23:45+02:00,0,2460.1,4684,10182.2,2060.5,426.1,5528.1,17.9,142.2,63.9,45.5,1224.3,2468.7,12675.1,0,45127.3
2023-09-07T00:00+02:00,0,2466.3,4672.8,10203.8,2035.6,422.3,5732.4,17.9,236,132.5,48.4,1222.5,2452.2,12439.7,0,44301.3
2023-09-07T00:15+02:00,0,2465,4660.5,10037.9,2050.7,422.3,5366.6,17.9,277.4,149,48.4,1220.4,2509.1,12332.6,0,44185.4
2023-09-07T00:30+02:00,0,2466.4,4652.2,9782.5,2038.2,422.3,5348.6,17.9,130.9,29.7,48.4,1222.7,2573,12122.6,0,43791
2023-09-07T00:45+02:00,0,2466.3,4610.1,9421,1980.7,422.3,5335.6,17.9,141.3,29.4,48.4,1229,2589.3,11873.4,0,43319.8
2023-09-07T01:00+02:00,0,2473.1,4587.4,8968,1812.9,421.9,4885.3,17.9,123.1,76.3,48.4,1228.4,2526.1,11625.1,0,42627.5
2023-09-07T01:15+02:00,0,2478,4584,8596.3,1670.5,420.7,4891.1,17.9,168,31.6,45.8,1231.2,2493.2,11364.3,0,42523.2
2023-09-07T01:30+02:00,0,2489.9,4587.6,8321,1608,420.7,4967.7,17.9,163.8,31.3,45.8,1230.1,2435.1,11141.6,0,42328.8
2023-09-07T01:45+02:00,0,2497,4545.3,7995,1603.8,420.7,4925.2,17.9,81.2,10.9,45.8,1220.9,2325.9,10917.9,0,42020.3
2023-09-07T02:00+02:00,0,2503.2,4506.8,7789.1,1626.5,420.7,4860.9,17.9,206.2,0.7,46,1220.8,2204.7,10649.6,0,41611.7
2023-09-07T02:15+02:00,0,2513.8,4496.7,7575.5,1632,420.8,4840.7,17.9,242.3,6.2,46,1227.7,2061.2,10431,0,41354.6
2023-09-07T02:30+02:00,0,2515.4,4493.1,7472.7,1640.5,422,4886.6,17.9,241.7,56.1,45.9,1227.8,1943.3,10179.9,0,41316.4
2023-09-07T02:45+02:00,0,2510.4,4439.8,7434.5,1749.3,420.7,4891.1,17.9,244.6,72.8,45.8,1234.9,1886.3,9998.9,0,41444.4
2023-09-07T03:00+02:00,0,2504.6,4419.6,7401.8,1868.1,420.7,4718.2,17.9,221.4,75,45.8,1227.1,1825.1,9765.7,0,41277.2
2023-09-07T03:15+02:00,0,2498.3,4415.2,7379,1846.4,420.7,4684.6,17.9,135.8,23,45.8,1228.8,1816,9600.6,0,41157.6
2023-09-07T03:30+02:00,0,2493.1,4409.8,7409.8,1805.4,420.7,4671.5,17.9,99.2,18.2,45.8,1218.7,1741.1,9343.6,0,40832.7
2023-09-07T03:45+02:00,0,2490.1,4370,7421.9,1827.6,420.7,4775.2,17.9,134.5,35.5,45.8,1210,1628.6,9171.3,0,41108
2023-09-07T04:00+02:00,0,2487.3,4361.6,7425,1796.4,420.7,4798.6,17.9,182.7,40.9,45.8,1212.3,1568.8,8966.4,0,41935
2023-09-07T04:15+02:00,0,2484.5,4367.3,7446.7,1813.5,420.7,4790.1,17.9,185.1,65,45.8,1204.4,1538,8800.9,0,41751.4
2023-09-07T04:30+02:00,0,2481,4368,7716.6,1923.5,420.7,4796.1,17.9,182.9,47.4,45.8,1227.5,1522.9,8641.3,0,41919.5
2023-09-07T04:45+02:00,0,2472.2,4325.8,8160,2064.1,420.7,4830.8,17.9,125.1,25.2,45.8,1235.4,1544.4,8646.1,0,42467.6
2023-09-07T05:00+02:00,0,2465.4,4325.1,8608,2251.6,420.7,5199.7,17.9,204.6,49.4,45.8,1230.5,1512,8760.7,0,43302.9
2023-09-07T05:15+02:00,0,2464.5,4328.7,9037.3,2399,420.7,5386.1,17.9,188.4,45.6,46.3,1224.2,1483.9,8860.1,0,43939.9
2023-09-07T05:30+02:00,0,2456.7,4327.7,9555.8,2478.4,420.7,5681,17.9,145.5,37.5,46.5,1231.3,1497.3,8990.3,0,45077.5
2023-09-07T05:45+02:00,0,2451.7,4316.6,9948.2,2584.1,420.7,5717,17.9,233.2,138.4,46.7,1232.5,1528.9,9120.5,0,46837.5
2023-09-07T06:00+02:00,0,2445.7,4324.5,10139.4,2702.6,420.7,5846.6,17.9,177.2,90.4,47.6,1225.2,1602,9263.2,0,49551.6
2023-09-07T06:15+02:00,0,2439.4,4320.8,10529.2,2759.9,420.7,6153.4,17.9,191.9,431,48.6,1224.9,1631.9,9298.5,3.7,50921.2
2023-09-07T06:30+02:00,0,2432.6,4316.8,10776.1,2886.7,420.7,6271.2,17.9,128.5,809.2,48.9,1225,1624.5,9440.5,47.6,52030.4
2023-09-07T06:45+02:00,0,2433.3,4335.3,10844.5,2950.9,422.1,6325.4,17.9,122.7,998.4,48.9,1226.5,1629.4,9905.6,216.1,53003.8
2023-09-07T07:00+02:00,0,2430.1,4370.1,10807.2,3076,476.4,6485.4,17.9,247.9,1783.2,48.3,1222.9,1682.5,10078.5,913.3,54527.9
2023-09-07T07:15+02:00,0,2419.4,4369.3,10806.9,3095,451.6,6416.1,17.9,242.9,1774.9,48.3,1221.2,1806.8,9855.3,2068.5,55202
2023-09-07T07:30+02:00,0,2425.6,4389,10811.5,3064.2,420.7,6395.9,17.9,223.4,1521.3,48.4,1216.8,1881.9,9659.2,3588.8,56045.4
2023-09-07T07:45+02:00,0,2432.4,4393.6,10767.3,3164.2,420.7,6369.1,17.9,116.3,1066,48.4,1225.2,1868.2,9558.4,5481,56954.8
2023-09-07T08:00+02:00,0,2439.3,4403.8,10763.3,3330.2,437.9,6596.1,17.9,275.7,1973.5,48.4,1229.5,1907.3,9337.9,7690.6,57989.9
2023-09-07T08:15+02:00,0,2441.2,4400.6,10702.8,3297.5,478.5,6476.3,17.9,156.5,1259.6,48.4,1225.5,1910.1,8854,10063.7,58883.8
2023-09-07T08:30+02:00,0,2450.1,4417.6,10661.3,3231.7,429.6,6343.7,17.9,116.2,868.6,48.4,1224.6,1881.3,8228.2,12492.6,59510.9
2023-09-07T08:45+02:00,0,2464,4473.8,10635.4,3180.1,420.7,6040.2,17.9,175.2,226.2,48.4,1218.3,1896.3,7411,14890.1,59992.7
2023-09-07T09:00+02:00,0,2471.3,4470.8,10631.2,3047.6,422.1,6034.2,17.9,266.5,647.5,48.4,1219.1,1929.3,6397.9,17302.2,59997.7
2023-09-07T09:15+02:00,0,2482.8,4475.2,10483.5,2954.2,422.7,6047,17.9,119.5,176.3,48.4,1220.2,1923.8,5403.5,19719.7,60864.3
2023-09-07T09:30+02:00,0,2479.1,4494.2,10241.8,2797.9,422.3,5761.2,17.9,98.6,45,48.4,1212.4,1931.7,4484.4,22273.5,61318.3
2023-09-07T09:45+02:00,0,2493.2,4534.2,9845,2594.1,422.3,5454.6,17.9,111.7,102.7,48.4,1221.6,2009.4,3827.6,24577.3,61660
2023-09-07T10:00+02:00,0,2470.4,4536.8,9366.3,2513,422.3,5282.1,17.9,317.4,537.7,50.6,1221.7,2091.4,3468.4,27573.3,61507.3
2023-09-07T10:15+02:00,0,2475.5,4535,8858.3,2392.9,422.3,5086.7,17.9,100.2,212.8,51.8,1214.8,2160.7,3243.9,29681.1,61958.8
2023-09-07T10:30+02:00,0,2491.4,4543.6,8449.8,2274.1,422.4,5001.8,17.9,102.7,86.5,53.1,1211.4,2166.1,3178,31481.9,62225.8
2023-09-07T10:45+02:00,0,2471.6,4597.2,8102.4,2176.3,422.9,4915.4,17.9,139.9,36.4,55.3,1209.3,2210.8,3179.7,33086,62858.1
2023-09-07T11:00+02:00,0,2454.5,4604.8,7796.2,2164.5,422.8,4610.2,17.9,124.7,228.8,55.4,1205.4,2194,3286,34650.4,63047.5
2023-09-07T11:15+02:00,0,2470.5,4598.6,7434.4,2153.8,423.4,4246.1,17.9,131.2,32.8,54.2,1206,2171.1,3519.5,36002.9,63032.8
2023-09-07T11:30+02:00,0,2455.7,4592.2,7131.2,2161.8,422.7,4094.8,17.9,99.9,31.8,54.1,1206.1,2206.7,3927.5,37100.5,62834.4
2023-09-07T11:45+02:00,0,2446.6,4616.7,6861.6,2159.6,423.8,4059,17.9,76.7,3.7,54.1,1208.9,2246.1,4340.7,38054.4,62536.8
2023-09-07T12:00+02:00,0,2445,4614.7,6607.7,2148.4,423.8,3943.8,17.9,176.3,19.5,54.1,1208,1894.2,4725.3,38859.4,62460.3
2023-09-07T12:15+02:00,0,2433.6,4613.9,6494.3,2152.6,425.9,3673.5,17.9,106.2,10.1,54.1,1203.4,1884.1,5195.3,39527.3,62385
2023-09-07T12:30+02:00,0,2429.7,4611,6466.9,2141.3,427.2,3431.7,17.9,78.7,0.6,54.1,1201.8,1889.5,5508.4,39982.7,62103.6
2023-09-07T12:45+02:00,0,2425.5,4563.5,6415,2128.4,428.4,3419.7,17.9,59.1,7.8,54.2,1200.1,1890.8,5858.4,40266.9,62397.8
2023-09-07T13:00+02:00,0,2416.7,4551.4,6427.1,1936.9,428.3,3411.6,17.9,200.1,17.7,54.1,1199,2000.3,6102.9,40373.1,62263.6
2023-09-07T13:15+02:00,0,2420.5,4550.8,6382.9,1815.5,426.9,3397.3,17.9,116.2,15.7,54.1,1206.9,2079.4,6331.1,40307.4,61601.5
2023-09-07T13:30+02:00,0,2416.1,4537.1,6347.8,1784.2,427.1,3433.4,17.9,103.4,17.6,54.1,1202.6,2071.9,6478.6,40067.6,61034.2
2023-09-07T13:45+02:00,0,2424.2,4504.9,6240.3,1781.5,428.1,3372,17.9,118,16.2,53.9,1209.1,2076.9,6664.7,39651.8,60622.4
2023-09-07T14:00+02:00,0,2425.2,4491,6133.2,1795.9,426.9,3352,17.9,71.8,6.8,51.3,1200,2232.1,6829,39106.3,60289.2
2023-09-07T14:15+02:00,0,2426.8,4485.5,6194.3,1813.2,428.1,3331.4,17.9,99.2,8.6,50.4,1194.3,2338.5,6929.3,38422.4,60159.4
2023-09-07T14:30+02:00,0,2416.6,4484.8,6219.3,1820.4,428.4,3443.9,17.9,214.3,9.1,50.4,1191.6,2416.8,7099.8,37528.8,59999.4
2023-09-07T14:45+02:00,0,2406.5,4434.9,6232.6,1841.4,428.2,3805.4,17.9,106.8,11.9,50.4,1189.6,2485.6,7262.6,36530.6,59778.9
2023-09-07T15:00+02:00,0,2403.4,4426.2,6438.1,1850.6,427.4,3892.9,17.9,63.8,3.9,50.4,1188.6,2960.2,7330.2,35322.2,59667.5
2023-09-07T15:15+02:00,0,2386.3,4423.2,6730.1,1999.1,428.4,3902.2,17.9,98.7,12.1,50.4,1195.7,3049.7,7456.7,34000.9,59478.9
2023-09-07T15:30+02:00,0,2371.6,4419.5,6853.1,2090.5,428.4,3890.3,17.9,228.7,77.2,50.4,1197.3,3147.5,7555.8,32505.8,59361.4
2023-09-07T15:45+02:00,0,2369.1,4380.6,7066.5,2107.2,428.4,3929.3,17.9,173.3,192.8,50,1191.1,3281.6,7666,30836.5,59107.4
2023-09-07T16:00+02:00,0,2371.6,4373.9,7372.9,2087.3,428.4,3869.6,17.9,68,8,51.2,1175.5,3586,7878.5,28990.3,59190.5
2023-09-07T16:15+02:00,0,2393.7,4370.7,7608.7,2102.3,427.1,4057.7,17.9,196.9,37.3,52.3,1175.3,3774.1,8037.3,27001.3,58798.9
2023-09-07T16:30+02:00,0,2429.1,4362.5,7706.6,2161,428,4473.2,17.9,312,65.6,52.7,1189.2,4032.6,8158.2,24817,58365.3
2023-09-07T16:45+02:00,0,2421.8,4348.9,7988.2,2199,427.8,4735.1,17.9,321.3,120.7,52.9,1189.6,4223.2,8263.2,22572,58097.4
2023-09-07T17:00+02:00,0,2406.2,4345.3,8592.3,2334.3,427.8,5493.1,17.9,121.9,100.1,52.9,1185.9,4328.3,8377.1,20189.1,58814.3
2023-09-07T17:15+02:00,0,2394.1,4344.1,9373.2,2514.9,427.6,6228.2,17.9,215.6,151.5,52.8,1162.6,4430.1,8526.1,17656.2,58914.9
2023-09-07T17:30+02:00,0,2371.9,4359.8,9863,2770.8,426.9,6942.7,17.9,247.7,316.8,52.9,1181.4,4519.2,8644.3,15059.7,58828.6
2023-09-07T17:45+02:00,0,2341,4367.9,10127.3,3051.1,426.9,7296.7,17.9,262.8,732,52.9,1178.1,4644.5,8579,12479.9,59099.2
2023-09-07T18:00+02:00,0,2334.1,4401.4,10507,3196.8,426.9,7940.5,17.9,112.2,630.1,54.6,1172.9,4780.8,8549.3,9948.3,59375.7
2023-09-07T18:15+02:00,0,2323.5,4414.5,10780.3,3423.6,426.9,8055,17.9,235.9,1456.1,59.5,1181.6,4757.6,8564.6,7497.8,58668.1
2023-09-07T18:30+02:00,0,2320.4,4422.6,10948.3,3549.1,427.8,8095,17.9,319.5,2381.2,60.3,1180.7,4794.1,8667.2,5372.9,58531.1
2023-09-07T18:45+02:00,0,2311.6,4455.1,10985.2,3686.9,425.9,8130.2,17.9,438.4,3117.6,60.3,1187.6,4899.4,8835.5,3510.9,58147.9
2023-09-07T19:00+02:00,0,2307.9,4479,11043.5,3812.3,425.4,8355.5,17.9,268.5,3091.7,60.3,1199.2,4723.3,9111.6,2079.1,57579.4
2023-09-07T19:15+02:00,0,2301,4484.5,11051.7,3873.8,425.4,8506.9,17.9,267.8,3018.4,60.3,1204.4,4804.3,10074.8,944.9,57261.8
2023-09-07T19:30+02:00,0,2297.7,4500.8,10989.8,3922.8,425.4,8532.2,17.9,223.9,2994.8,60.3,1198.9,4848,11386,279.8,56814.7
2023-09-07T19:45+02:00,0,2293.3,4528.2,10822.4,3961.1,425.4,8531,17.9,106.3,2799,60.3,1183.1,4916.2,12849,48.5,56664.1
2023-09-07T20:00+02:00,0,2289.6,4548.6,10942,3985.9,425.4,8619,17.9,313.6,2815.9,60.3,1182.1,4592.1,13863.8,5.8,56978.9
2023-09-07T20:15+02:00,0,2282.3,4550.7,10918.1,4002.1,425.4,8433.1,17.9,265.9,2774.4,61.3,1189.9,4573.7,15026.5,0.4,57086.9
2023-09-07T20:30+02:00,0,2275.9,4568.6,10854.9,4008.6,425.4,8348.3,17.9,164.6,2400.6,65,1193,4552.2,16150,0,57130.5
2023-09-07T20:45+02:00,0,2272.2,4602,10783.5,3962.5,425.4,8226.4,17.9,154.5,1508.9,65.2,1197.5,4527.1,17108.9,0,56608.2
2023-09-07T21:00+02:00,0,2262.6,4604.6,10972.6,3913.9,425.4,8399.1,17.9,335.8,1958.3,63.9,1189.9,4298.4,17539.2,0,55656.5
2023-09-07T21:15+02:00,0,2262.3,4605.6,10886,3789.3,425.4,8217.9,17.9,266.9,1153.4,58.9,1192.1,4307.8,17926.2,0,55014.1
2023-09-07T21:30+02:00,0,2257.8,4613.2,10589.3,3568.7,425.4,8142.7,17.9,146.7,578.7,57.8,1202,4296.6,18399.9,0,53907.4
2023-09-07T21:45+02:00,0,2252.1,4630.1,10353.6,3442.7,425.4,8046.3,17.9,87,252,57.8,1186.2,4282.4,18656.5,0,52708.6
2023-09-07T22:00+02:00,0,2246.4,4632.7,10367.7,3395.7,425.4,8019.6,17.9,75.2,285.7,54.9,1189.9,4349.2,18179.4,0,52093.7
2023-09-07T22:15+02:00,0,2245.6,4638.7,10226.4,3274.5,425.4,7949.5,17.9,40.8,68.4,52.7,1162.7,4383.4,18169.1,0,51338.6
2023-09-07T22:30+02:00,0,2244.7,4650.2,10125.8,3101.4,426.1,7854.9,17.9,66.2,107.7,52.6,1182.1,4342.8,17987.9,0,50531.2
2023-09-07T22:45+02:00,0,2249.8,4650.1,9435.2,2880.4,425.6,7661.8,17.9,95.3,76.8,52.6,1206.3,4271.1,17673,0,49684.5
2023-09-07T23:00+02:00,0,2256.3,4662.7,8451.7,2797.2,425.4,6694,17.9,72.4,192,52.6,1214.5,4425.7,17319.9,0,48492.6
2023-09-07T23:15+02:00,0,2268.3,4664.2,8056.6,2811.8,425.4,6530.9,17.9,63.2,152.6,52.6,1224,4320.5,16933.7,0,47749.1
2023-09-07T23:30+02:00,0,2278.8,4660.2,8124.8,2797.1,426.1,6514.5,17.9,91.8,77.3,52.6,1222.3,4127.8,16524.6,0,47105.5
2023-09-07T23:45+02:00,0,2286.3,4627.1,7839.6,2748.4,425.6,6277.4,17.9,96.2,229.4,52.7,1215.7,3977,16134,0,46688.3
2023-09-08T00:00+02:00,0,2292.8,4605.5,7372.1,2574.4,426.2,6033.8,17.9,137.5,152.1,53.7,1250.8,4253.2,15669.8,0,46135.2
2023-09-08T00:15+02:00,0,2299,4599.8,7206.1,2402,427,5611.5,17.9,109,130.1,53.7,1249.8,4120.2,15381.9,0,45402.3
2023-09-08T00:30+02:00,0,2309.7,4596.7,7228.5,2330.5,426.1,5508.9,17.9,55.8,133.8,53.7,1249.7,4027.6,15000.1,0,44967.2
2023-09-08T00:45+02:00,0,2313.6,4551,7149.3,2251.4,427.4,5442.9,17.9,58,76.5,53.7,1246.8,4018.9,14649.8,0,44400.5
2023-09-08T01:00+02:00,0,2317,4539.5,7184.1,2207.5,426.1,5311.1,17.9,209.3,185.2,53.7,1245.9,3821.4,14142.5,0,43811.2
2023-09-08T01:15+02:00,0,2324.2,4538,7165.5,2136,426.1,5322.4,17.9,100.3,159.8,53.7,1246.2,3693.1,13797.6,0,43452.3
2023-09-08T01:30+02:00,0,2332,4535.9,7124.5,2099,426.1,5237.1,17.9,154.4,25.9,53.7,1246.9,3615.9,13448.9,0,42933.5
2023-09-08T01:45+02:00,0,2329.2,4499.6,7127.7,2044.7,426.1,5210.1,17.9,168.8,21.4,53.7,1224.6,3526.8,13134.2,0,42809.5
2023-09-08T02:00+02:00,0,2329.4,4497.7,7069.9,2037.3,426.1,5208.2,17.9,167.5,6.1,53.8,1227.2,3256.8,12739.6,0,42495.9
2023-09-08T02:15+02:00,0,2333.2,4496.9,7023.6,2057.6,426.1,5183.3,17.9,131,5.5,53.8,1245.1,3225.2,12394.1,0,42132.8
2023-09-08T02:30+02:00,0,2332.5,4495.3,6943.5,2006.8,426.1,5153.6,17.9,172,1.4,53.7,1243.3,3174.4,12091.2,0,42126.4
2023-09-08T02:45+02:00,0,2330.7,4437.7,6954.3,1844.8,426.1,5186.1,17.9,269.8,58.9,53.7,1243,3050,11748.6,0,42019.6
2023-09-08T03:00+02:00,0,2328.9,4434.6,7019.6,1831.3,426.1,5148.8,17.9,150.3,5.4,53.7,1236.4,2770.3,11378.5,0,41880.4
2023-09-08T03:15+02:00,0,2322.7,4422.3,7052,1796.5,426.1,5219.4,17.9,208.1,1.2,53.7,1231.5,2672.9,11004.8,0,41752.9
2023-09-08T03:30+02:00,0,2315.9,4414.2,7103.3,1620.2,426.8,5255.3,17.9,254.3,36.9,53.7,1234,2491.8,10645,0,41815.7
2023-09-08T03:45+02:00,0,2307,4373.8,7112.9,1644.4,426.6,5326.9,17.9,200.7,155.5,53.7,1223.6,2289.3,10325.6,0,41849.9
2023-09-08T04:00+02:00,0,2303,4361,7045.6,1626,426.1,5475.1,17.9,81,124.6,53.7,1239.3,2194.2,10060.4,0,42364.2
2023-09-08T04:15+02:00,0,2297.5,4344.1,7146.6,1623.4,426.1,5467.1,17.9,86.6,110.2,53.8,1235.3,2114.8,9750.1,0,42335.4
2023-09-08T04:30+02:00,0,2296.9,4347.9,7555.9,1661.6,426.1,5514.6,17.9,91.2,104.6,53.7,1244.2,2226.8,9472.8,0,42785
2023-09-08T04:45+02:00,0,2303.7,4319.2,8123.3,1915.9,426.1,5638.5,17.9,73.2,89.8,54.3,1236.9,2243.2,9205.1,0,43178
2023-09-08T05:00+02:00,0,2304.8,4318.2,8861.6,2223.1,426.1,5980,17.9,72.1,113.3,59,1235.5,2122.8,9011.3,0,44333.4
2023-09-08T05:15+02:00,0,2308.2,4322.5,9825.8,2276.1,426.1,6115,17.9,88.1,151.6,60.7,1228.9,2013.1,8824.1,0,44734.4
2023-09-08T05:30+02:00,0,2306.4,4315.6,10481.4,2307.3,426.1,6376.7,17.9,110.2,242.7,60.7,1239.2,1886.2,8609.3,0,45839.7
2023-09-08T05:45+02:00,0,2305.7,4322,10720.8,2343.4,426.1,6513.6,17.9,127.4,475.6,60.7,1224.9,1755.3,8523.1,0,47264.3
2023-09-08T06:00+02:00,0,2304.4,4349.3,10603.3,2391.3,426.1,6821.1,17.9,98.3,465.4,60.9,1234,1671.1,8419.1,0,49521.9
2023-09-08T06:15+02:00,0,2304.3,4361,10749,2554,424.8,7258.2,17.9,134,924.4,61.9,1232.5,1614.8,8181.2,10.6,51542.7
2023-09-08T06:30+02:00,0,2304.7,4365.6,10783.1,2601.5,423,7390.2,17.9,170,1522.5,61.9,1250.8,1586.5,7983.1,39,52600.1
2023-09-08T06:45+02:00,0,2303.3,4371.2,10774.2,2795.9,421.5,7461.6,17.9,168.4,1908.7,62,1243.3,1592,8065.7,186.3,52940.1
2023-09-08T07:00+02:00,0,2303.7,4384.1,10795.1,3067.4,421.5,7560.4,17.9,189.2,2633.5,61.9,1248,1537.4,8056.7,856.4,53933
2023-09-08T07:15+02:00,0,2296.6,4388.3,10801.2,3132.7,419.4,7612.7,17.9,267.3,2662.1,61.9,1243.4,1543,7749.4,2077.9,54848.1
2023-09-08T07:30+02:00,0,2300.4,4406.1,10851.3,3168.1,416.4,7637.9,17.9,244.4,2308.8,61.9,1243.5,1578.1,7484.8,3643.7,55784
2023-09-08T07:45+02:00,0,2320.9,4450.4,10953.6,3189,416,7568.3,17.9,137.6,1896.7,61.9,1242.4,1562.8,7318.4,5622.2,56638.5
2023-09-08T08:00+02:00,0,2331.1,4461.9,11010,3173.1,415.6,7561.4,17.9,215.9,1948.2,61.9,1243.1,1547.1,6988.6,7864.4,57627.2
2023-09-08T08:15+02:00,0,2340.1,4475.9,10937.8,3073.6,415.4,7519.4,17.9,274.5,1411.7,61.9,1239.8,1520.1,6487.9,10337.4,58793.1
2023-09-08T08:30+02:00,0,2343.9,4486.1,10875.8,2988,414.4,7408.6,17.9,204,1200.3,62,1236.5,1526.9,5910.4,12934.2,59666.8
2023-09-08T08:45+02:00,0,2344.8,4513.7,10794.8,2896.3,414.1,7265.8,17.9,149.7,678.9,62,1235.2,1443.4,5182,15508.5,60020.1
2023-09-08T09:00+02:00,0,2346,4503.7,10673.4,2812.5,415.9,7094.9,17.9,254.2,958.6,63.6,1233.7,1387.6,4331.2,18021.2,60252.3
2023-09-08T09:15+02:00,0,2348.7,4502.7,10476.9,2760.2,415.4,7048.4,17.9,185.4,448.6,63.8,1227.5,1396,3558.6,20443.3,60615.6
2023-09-08T09:30+02:00,0,2360.1,4504.6,10220.7,2629.6,415.4,7037,17.9,105,157.6,63.8,1219.8,1411.1,2884.9,22690.1,61103.3
2023-09-08T09:45+02:00,0,2379,4528.9,9851.7,2556.9,415.4,6845.4,17.9,138.8,186.9,63.6,1230.3,1397.2,2398.5,25034.1,61325.8
2023-09-08T10:00+02:00,0,2394.2,4533.7,9607.9,2548.8,415.4,6303.9,17.9,267.4,464.5,59.7,1246.6,1292.3,2081.6,27150.3,61515.7
2023-09-08T10:15+02:00,0,2394.4,4509.5,8870.1,2475.2,415.4,6221.2,17.9,235.4,335.6,56.3,1250.4,1205.9,1906,29103.5,61806
2023-09-08T10:30+02:00,0,2332.8,4518.5,8415.4,2422,414.7,6216.3,17.9,188.3,169.2,56.3,1246,1169.1,1811.2,30908.1,62165.9
2023-09-08T10:45+02:00,0,2325.2,4585,8275.2,2411,415.3,6195.6,17.9,143.8,83.7,56.3,1238.2,1076.4,1772.8,32518.5,62400.9
2023-09-08T11:00+02:00,0,2330.1,4601.5,8095.3,2314,415.4,5972.9,17.9,180,217,55.1,1235.5,1065.7,1802.9,33983.6,62325.5
2023-09-08T11:15+02:00,0,2341.9,4610,7827.2,2291.7,415.4,5938.8,17.9,203.2,173.7,54.4,1234.1,1064,1914.3,35292.2,62399.4
2023-09-08T11:30+02:00,0,2346,4618.7,7566.5,2167.7,415.4,5900.2,17.9,194.1,93.7,54.3,1242.5,995.8,2033.3,36385.7,62569.2
2023-09-08T11:45+02:00,0,2358.7,4619.1,7305.8,2125.4,415.4,5628.3,17.9,203.5,46.2,54.1,1243.2,909,2155.1,37279.3,62888.5
2023-09-08T12:00+02:00,0,2369.2,4612.9,7203,2062.8,415.5,5192.8,17.9,309.9,142.6,53.3,1223.3,861.3,2211.3,38023.6,62521.1
2023-09-08T12:15+02:00,0,2370,4618.3,6942.4,2001.5,416.9,5090.2,17.9,158.9,85.4,53,1224,845.6,2242.3,38599.7,62316.3
2023-09-08T12:30+02:00,0,2373.8,4629.9,6941,1957.1,416.9,4981,17.9,178.3,91,53,1223.2,819.6,2231.3,39043.7,62192.1
2023-09-08T12:45+02:00,0,2379,4579.6,6894.6,1938.9,416.9,4960.6,17.9,133.2,79.6,53,1219.9,784.7,2254.1,39290.8,61844.1
2023-09-08T13:00+02:00,0,2384.2,4572.3,6897.7,1978.8,418.4,5031.7,17.9,262.8,120.2,54.3,1206.3,599.9,2435.6,39426.2,61629.9
2023-09-08T13:15+02:00,0,2400.9,4567.8,6924.1,1982.2,418.4,4778.6,17.9,220.7,93.4,54.3,1222.6,651.6,2593.6,39351.2,61097.2
2023-09-08T13:30+02:00,0,2406.7,4563.2,6738.8,1995.7,418.4,4807.6,17.9,218.6,101.6,54.3,1219.4,607.7,2707.1,39087.3,60477.9
2023-09-08T13:45+02:00,0,2403.4,4520.8,6789.8,1982.7,418.4,4772.4,17.9,144.7,58.9,54.3,1194.7,528.7,2807.9,38702.1,59691.4
2023-09-08T14:00+02:00,0,2403.8,4507.5,6934.9,1973.6,418.4,5101.5,17.9,85.2,35.7,54.3,1160.5,461.1,2826.3,38157.4,59492.8
2023-09-08T14:15+02:00,0,2405.3,4500.6,7057.1,1952.5,418.4,4985.6,17.9,169.4,48.7,54.3,1138.9,452.6,2744.7,37496.6,59023.2
2023-09-08T14:30+02:00,0,2388,4491.2,7102,2057.1,418.4,4885.6,17.9,320,67.1,54.3,1175.9,436.2,2745.8,36629.3,58665.9
2023-09-08T14:45+02:00,0,2374.7,4434.7,7134.3,2180.9,418.4,4944.9,17.9,311,70.7,54.3,1176.5,421.1,2619.8,35599.3,57935.3
2023-09-08T15:00+02:00,0,2366.6,4423.5,7093.6,2191.2,418.4,4783.1,17.9,215.7,77.4,54.3,1205.7,450.6,2448.2,34504.8,58075.3
2023-09-08T15:15+02:00,0,2380.5,4419.3,7262.7,2233.2,418.4,4800.9,17.9,276.3,77.2,54.3,1207.5,471.2,2305.9,33203,57509
2023-09-08T15:30+02:00,0,2409.2,4407.9,7335.1,2336.7,418.4,4824.1,17.9,265.6,84.3,54.3,1215.5,451.1,2196.4,31696.6,57141.8
2023-09-08T15:45+02:00,0,2451.9,4381.8,7356.6,2630.8,418.4,4887.1,17.9,106.8,114.5,54.3,1216.7,384.4,2071.9,30069.5,56977.5
2023-09-08T16:00+02:00,0,2466.6,4370.6,7672.4,2822.8,418.4,5517.1,17.9,111.2,114.9,54.6,1211.2,304.7,1958.6,28273.9,56645
2023-09-08T16:15+02:00,0,2467.4,4375.8,8094.6,3000.9,418.4,5688.3,17.9,233.5,83.8,57.4,1193.1,291.7,1831.6,26232.4,56315.7
2023-09-08T16:30+02:00,0,2464.6,4372.1,8806.4,3432.1,418.4,6183.2,17.9,232.5,150.3,57.5,1177.9,306.1,1738.7,24151,56627.1
2023-09-08T16:45+02:00,0,2468.9,4364.3,9567,3892.1,418.4,6477.2,17.9,214.7,180.8,57.5,1190.4,315.4,1666.6,22021.4,57031
2023-09-08T17:00+02:00,0,2453.6,4360.1,9929.9,4260.8,418.4,7016,17.9,175.9,144,59.7,1197.6,336.9,1623.7,19554.4,57119.6
2023-09-08T17:15+02:00,0,2424.1,4368.8,10829.3,4547.2,418.4,7080.2,17.9,209.3,250.9,64.4,1186.8,351.2,1599.7,17032.4,56853
2023-09-08T17:30+02:00,0,2400.2,4376.6,11200,4863.9,418.4,7575.4,17.9,313.8,604.5,65,1191.6,346.1,1622,14464.9,56721.9
2023-09-08T17:45+02:00,0,2390,4412.4,11382.2,5241.5,418.4,7768.5,17.9,290.8,1726.4,65,1209.4,383.2,1633.3,11904.3,56773.8
2023-09-08T18:00+02:00,0,2381.1,4441.9,11372.4,5522,418.4,8299.8,17.9,194.2,1657.3,65,1204.5,409.5,1697.3,9442.2,57166.2
2023-09-08T18:15+02:00,0,2364.5,4453,11454,5728.3,418.4,8844.1,17.9,149.8,2543.8,65,1202.4,421.2,1722.2,7080.2,56730.4
2023-09-08T18:30+02:00,0,2355.9,4463.1,11483.4,5825.6,418.4,9035.8,17.9,204.6,3230.8,65,1189.9,458.1,1806.7,4966.2,56284.7
2023-09-08T18:45+02:00,0,2346.2,4475.5,11475.6,5861.2,418.4,9140.7,17.9,304.6,3491.8,63.8,1137,492.2,1883.7,3189.5,55852.8
2023-09-08T19:00+02:00,0,2342.3,4485.1,11455.1,5878.9,418.4,9168.5,17.9,316.7,3310.5,64,1150.8,535.6,1970.6,1778.6,55686
2023-09-08T19:15+02:00,0,2338.7,4497.6,11486.9,5888.8,418.4,9293.6,17.9,315.1,3273.3,67.1,1178.3,599.6,2313.7,769.3,55139.8
2023-09-08T19:30+02:00,0,2332.2,4501.3,11505.2,5903.9,418.4,9451.1,17.9,316.4,3262.1,67.6,1187.5,632.6,2731.8,193.9,54869
2023-09-08T19:45+02:00,0,2330.8,4527.5,11506.8,5902.3,418.4,9451.4,17.9,316.3,3271.6,67.6,1180.6,626.5,3103.8,24,54966.2
2023-09-08T20:00+02:00,0,2325.2,4536,11506.1,5896.4,419.2,9362.8,17.9,291.9,3234.3,67.4,1174,609.4,3280,3.4,54777.8
2023-09-08T20:15+02:00,0,2319.4,4547.2,11505.6,5866.6,420,9175.5,17.9,282.8,2978,66.3,1161.2,627.5,3692.1,0.8,54525.3
2023-09-08T20:30+02:00,0,2318.2,4572.4,11513.9,5860.9,420,8964.8,17.9,263.7,2823.7,67.3,1162,651.9,4012.2,0,54126.1
2023-09-08T20:45+02:00,0,2310,4599.4,11494.4,5827.5,420,8731.7,17.9,257.2,2518.7,67.3,1177.1,657.4,4437.6,0,53480.3
2023-09-08T21:00+02:00,0,2298.3,4596.5,11547.7,5811.1,420,8674.6,17.9,302.9,2974.6,67.3,1177.7,649.9,4755.9,0,52539
2023-09-08T21:15+02:00,0,2293.8,4599.5,11554.6,5623,420,8588.7,17.9,251.5,2717.7,67.3,1188.9,640.4,5024.2,0,52085.7
2023-09-08T21:30+02:00,0,2288.5,4610.6,11532.5,5380.6,420,8396.4,17.9,193.2,2188.9,67.3,1197.3,635.4,5291.4,0,51027.7
2023-09-08T21:45+02:00,0,2282.3,4633.7,11565.6,5150.1,420.7,8205.5,17.9,212.9,1465.1,67.3,1214.1,643.4,5513,0,49998.8
2023-09-08T22:00+02:00,0,2283,4646.3,11604.1,4987.2,420,8317.9,17.9,305.8,1537.7,66,1241.5,659.3,5698.1,0,49845.9
2023-09-08T22:15+02:00,0,2290.4,4639.9,11543.5,4840.2,418.7,8254.5,17.9,272.9,1052.5,64.9,1232.8,693.6,5807,0,49057.7
2023-09-08T22:30+02:00,0,2301.2,4646.3,11560.5,4716.3,418.4,8209.4,17.9,146.4,810.7,64.9,1210.9,728.4,5894.5,0,47910.4
2023-09-08T22:45+02:00,0,2314.4,4645,11339.8,4629.6,418,8122.3,17.9,200.2,315.9,64.8,1220.9,751,5972.1,0,46829.2
2023-09-08T23:00+02:00,0,2320.3,4654.5,11201.2,4462.2,415.4,7966.4,17.9,296.1,580.1,64.9,1210.4,754.7,6031.2,0,45956.9
2023-09-08T23:15+02:00,0,2327.6,4649.2,11141.4,4336.7,415.4,7844.7,17.9,270.2,420.2,64.9,1207.3,694.7,6068.4,0,45579.8
2023-09-08T23:30+02:00,0,2335,4655.3,11116.1,4276.9,415.4,7750.1,17.9,275,241.1,63.8,1207.7,634.8,6011.4,0,44833.5
2023-09-08T23:45+02:00,0,2342.7,4633.9,11052.9,4157.2,415.4,7613.3,17.9,118.4,83.2,63,1222.1,606,5938.5,0,44135.5
2023-09-09T00:00+02:00,0,2348.6,4606.8,11038.5,3793.6,412.3,7499.5,17.9,129.2,384.6,61.4,1229,564.7,5853.2,0,43548.9
2023-09-09T00:15+02:00,0,2358.4,4591.3,11011.2,3578.4,413.2,6915.6,17.9,210.4,317.1,61.4,1231.5,544.1,5769.9,0,42701.7
2023-09-09T00:30+02:00,0,2362.9,4599.2,10992.9,3411,412.5,6611.6,17.9,239.8,318,61.4,1234.4,532.5,5706.3,0,42222.7
2023-09-09T00:45+02:00,0,2363.8,4557,10972,3211.8,412.3,6481.7,17.9,272.3,186.9,61.4,1251.8,503.4,5601.1,0,41705.8
2023-09-09T01:00+02:00,0,2366.2,4537.5,11045.2,3130.3,412.3,6343.6,17.9,243.1,226,61.5,1247.7,487,5388.8,0,41387.6
2023-09-09T01:15+02:00,0,2366.2,4529.5,11002.1,3059.5,412.3,6335.5,17.9,296.3,111.7,62.5,1253.1,461.5,5152.9,0,41061
2023-09-09T01:30+02:00,0,2370.5,4539.6,11024.6,2891.7,412.3,6318.5,17.9,329,79,62.5,1259.6,431.5,4878.2,0,40811.8
2023-09-09T01:45+02:00,0,2375.4,4504.7,10927.6,2595.6,412.3,6292.4,17.9,322.6,114.5,62.6,1261.3,404,4594.2,0,40296.6
2023-09-09T02:00+02:00,0,2379.8,4488.3,10965.7,2420.8,412.3,6310.2,17.9,313.5,137.5,60.7,1258.2,352.2,4346.8,0,39643.2
2023-09-09T02:15+02:00,0,2377.2,4482.8,10957.5,2422.9,412.3,6300.5,17.9,304.9,168.3,57.6,1261.5,308,4121.2,0,39874.9
2023-09-09T02:30+02:00,0,2375.9,4473.5,10986.1,2426.8,412.3,6336.5,17.9,317,235.2,57.6,1242.3,273.4,3825.9,0,39816.3
2023-09-09T02:45+02:00,0,2376,4422.9,10959.3,2437.8,413.2,6336.5,17.9,284.6,249.9,57.6,1230.1,248,3563.9,0,39614.3
2023-09-09T03:00+02:00,0,2376.7,4403.8,10967.2,2439.1,413.8,6330.9,17.9,260.4,217.3,57.6,1229.1,237.9,3280.5,0,39403.8
2023-09-09T03:15+02:00,0,2372.8,4401.8,10999.8,2437.4,413.8,6303,17.9,246.9,144.5,57.5,1256.5,236.6,3073.7,0,39141.5
2023-09-09T03:30+02:00,0,2372.5,4396.2,11035.2,2428.8,413.8,6298.7,17.9,275.5,202.2,57.5,1255,225.1,2886.7,0,38796.8
2023-09-09T03:45+02:00,0,2373.3,4365.4,11019.6,2353.7,413.8,6284.8,17.9,279.8,244.5,57.5,1255.3,218.9,2737.7,0,38814.2
2023-09-09T04:00+02:00,0,2364.6,4348.8,11007.2,2190.7,413.8,6252.9,17.9,177.7,127.7,57.6,1263.8,193.8,2621.9,0,38764.7
2023-09-09T04:15+02:00,0,2354.4,4345.5,11007.1,2201.5,413.8,6260.8,17.9,116.8,135,57.5,1264.9,163.5,2487.9,0,38652.9
2023-09-09T04:30+02:00,0,2348.5,4344.1,11032.2,2193.8,413.8,6274.6,17.9,190.3,142.8,57.6,1267.5,142.5,2347,0,38713.9
2023-09-09T04:45+02:00,0,2347.5,4322.7,11027.3,2193.8,413.8,6216.5,17.9,281.8,296.9,57.6,1270.8,126,2239,0,38715.3
2023-09-09T05:00+02:00,0,2341.6,4306.9,11042.1,2199.4,413.8,6103.9,17.9,231.4,214.6,60.4,1279.5,114.9,2165.4,0,38960.2
2023-09-09T05:15+02:00,0,2329.6,4306.3,11089.1,2191.7,413.8,6104.8,17.9,240.3,157.7,61.3,1269,114,2105.1,0,38988.9
2023-09-09T05:30+02:00,0,2323.5,4309,11122.8,2206.5,413.8,6141.9,17.9,285.1,213.3,61.3,1266.6,123.4,2098.6,0,39320.1
2023-09-09T05:45+02:00,0,2325.7,4299.8,11126.3,2244.1,414.8,6157.6,17.9,290.4,258,61.5,1277.1,123.6,2142.2,0,39657.9
2023-09-09T06:00+02:00,0,2329.8,4329.5,10975.8,2265.9,414.8,6085.7,17.9,227.1,153.5,63.7,1286.3,127,2145.5,0,40443.4
2023-09-09T06:15+02:00,0,2328.4,4333.9,11046.1,2263.2,413.8,6134.9,17.9,273.3,239.5,63.8,1287.2,129.4,2146.7,13.1,40898.9
2023-09-09T06:30+02:00,0,2325.6,4338.9,11135.4,2239.1,413.8,6047.5,17.9,243.5,322.5,63.8,1295.4,119.1,2145.8,31.3,40946.2
2023-09-09T06:45+02:00,0,2326.3,4346.7,11142.3,2234.8,414.4,5930.4,17.9,283,393.8,63.7,1271.4,109.8,2224.5,162.5,41193.3
2023-09-09T07:00+02:00,0,2330.3,4355.5,11151,2253.8,414.1,5737.3,17.9,283.2,451.9,60.3,1290.7,105.6,2272.1,754.4,41899.2
2023-09-09T07:15+02:00,0,2333.5,4368.6,11173,2258.3,413.8,5746.3,17.9,225.4,301.9,58.8,1293.1,104.8,2280,1926,42384.1
2023-09-09T07:30+02:00,0,2337.3,4388.8,11167.2,2250.6,413.8,5748.3,17.9,171.6,199.7,58.8,1283.6,104.3,2305.6,3450.2,43188.7
2023-09-09T07:45+02:00,0,2345.1,4426,11060.2,2133,413.8,5434.1,17.9,142.4,174.1,60.1,1290.5,101.9,2395.2,5312.8,43837.9
2023-09-09T08:00+02:00,0,2349.6,4450,11124.7,2022.8,413.8,5347.6,17.9,314.8,621.5,64.2,1290.8,104.6,2346.2,7506.1,45067.6
2023-09-09T08:15+02:00,0,2354.5,4464.9,10995.5,1880.7,413.6,5097.8,17.9,175.6,298.6,64.4,1289.9,111.9,2271.8,9881.6,46266.4
2023-09-09T08:30+02:00,0,2357.9,4468,10628.4,1853.2,412.3,4803.7,17.9,97.3,123.9,64.4,1290.3,113.7,2146.2,12340.8,47321.2
2023-09-09T08:45+02:00,0,2361.2,4512.8,10173.5,1837.7,412.3,4125,17.9,164.5,113.3,64.4,1284.9,132.9,1908.7,14861.7,48008.5
2023-09-09T09:00+02:00,0,2362,4498.2,9821.6,1839.6,413.2,3371.8,17.9,272.1,446.9,61.1,1285.9,150.6,1569.6,17388.3,48711.4
2023-09-09T09:15+02:00,0,2362,4497.5,9369.4,1834.4,413.2,2983.9,17.9,126.1,201.1,58.8,1281.3,165.2,1215,19834.4,49100.2
2023-09-09T09:30+02:00,0,2321.6,4528.9,8756,1826.2,412.3,2717.4,17.9,106,182.2,58.8,1271.6,173.4,908.3,22108.7,49509
2023-09-09T09:45+02:00,0,2324,4541.5,8113.6,1824.9,412.3,2687.3,17.9,133,169.8,58.8,1275.2,176.9,672.6,24287.5,50175.5
2023-09-09T10:00+02:00,0,2335.9,4536.1,7752.9,1850.7,412.3,2653.2,17.9,372.9,686.2,58.8,1322.6,180.6,510.7,26371.5,50772.9
2023-09-09T10:15+02:00,0,2343.7,4549.1,7382.9,1864.2,412.3,2584.4,17.9,227.2,343.8,58.8,1321,168.9,415.2,28331.8,51056.7
2023-09-09T10:30+02:00,0,2343.4,4559.5,6952.6,1870.9,412.5,2571.5,17.9,164.2,215.2,58.8,1316.5,156.3,370.3,30101.8,51164.7
2023-09-09T10:45+02:00,0,2313,4596.1,6579,1868.3,413.1,2596.6,17.9,186.7,148.5,57.4,1317.6,131.8,384.6,31716.4,51758.9
2023-09-09T11:00+02:00,0,2307.3,4606.7,6324.5,1811.1,412.3,2554.2,17.9,168.8,212.8,56.5,1323,134.8,482.2,33163.9,51844.9
2023-09-09T11:15+02:00,0,2311,4604.1,5977.3,1732.4,412.9,2528.2,17.9,108.8,134,56.2,1318.1,144.5,619.8,34409.5,51966.7
2023-09-09T11:30+02:00,0,2311.5,4609.1,5783.9,1689.1,412.8,2542.2,17.9,194.2,2.1,56.2,1317.9,124.5,788.6,35531.9,51937.2
2023-09-09T11:45+02:00,0,2319.1,4615,5526.8,1699.2,412.3,2445.9,17.9,123,1.3,56.2,1315.7,127.1,911.3,36481.6,51797.3
2023-09-09T12:00+02:00,0,2324.6,4605.4,5465.3,1677.6,412.3,2320.4,17.9,220.6,1.3,56.2,1311.3,143.4,1064.7,37230.5,51845.1
2023-09-09T12:15+02:00,0,2326.2,4602,5378.2,1674.1,412.3,2270.3,17.9,110.2,2.2,55.6,1308.2,145.3,1207.9,37850.1,51618.8
2023-09-09T12:30+02:00,0,2326.8,4602,5354.3,1666.8,413.2,2248.2,17.9,49.7,1.4,55.6,1305,143.5,1387.8,38166.5,51354.8
2023-09-09T12:45+02:00,0,2327.9,4552.2,5316.7,1665.8,412.6,2242.9,17.9,136.2,1.7,55,1298.7,138.2,1494,38348.7,51099.2
2023-09-09T13:00+02:00,0,2324.3,4542.6,5392,1664.2,412.4,2256.9,17.9,243.9,1.8,54.3,1298.9,138.2,1573.6,38384.6,50653.5
2023-09-09T13:15+02:00,0,2329.4,4552.5,5470.2,1659.9,413.4,2260.3,17.9,94.1,1.3,53.7,1299.9,130.4,1631.5,38262.5,50229.4
2023-09-09T13:30+02:00,0,2325.2,4546.2,5506.6,1659.3,412.3,2277.2,17.9,123.4,1.3,53.6,1300.2,111.2,1566.8,38163.8,49852.5
2023-09-09T13:45+02:00,0,2327.8,4512.6,5436.5,1654.9,413.2,2307.2,17.9,136,1.3,53.1,1297.8,98.8,1387.7,37774.6,49281.3
2023-09-09T14:00+02:00,0,2320.3,4493.3,5476.8,1649.3,412.3,2313.6,17.9,158.2,1.3,53,1293.1,86.1,1264.5,37219.7,49005
2023-09-09T14:15+02:00,0,2311.1,4492.1,5664,1644.9,412.3,2315.3,17.9,267.2,1.3,52.7,1281,73.8,1175.4,36527.1,48689.4
2023-09-09T14:30+02:00,0,2304.2,4489.5,5821.7,1644.3,412.3,2332.9,17.9,245.6,1.3,52.7,1281.9,61.5,1134.2,35676.8,48473.2
2023-09-09T14:45+02:00,0,2354.7,4430.8,5904.5,1646,412.3,2388.6,17.9,188.8,1.3,52.6,1297.6,63.6,1097.5,34677.2,47902.5
2023-09-09T15:00+02:00,0,2380.1,4413.4,5762,1659.3,412.3,2381.4,17.9,53.4,1.4,52.5,1299.6,68.6,1019.2,33503.1,47904
2023-09-09T15:15+02:00,0,2377.5,4416.3,5843,1651.4,412.3,2369,17.9,168,4.9,52.5,1296.1,88.1,963.8,32183.4,47750.4
2023-09-09T15:30+02:00,0,2362.9,4409.9,6030.5,1659.8,412.3,2436.1,17.9,227.1,4,52.5,1276.7,109.2,875.5,30715.3,47858
2023-09-09T15:45+02:00,0,2352.6,4394.9,6469.5,1725,412.3,2521.3,17.9,184.4,1.4,52.5,1298.9,103.4,795.6,29072.3,47554.5
2023-09-09T16:00+02:00,0,2335.2,4388.7,6678.8,1843.3,412.3,2677.6,17.9,274.4,1.4,52.5,1383.4,102.6,708.2,27306.7,48018.5
2023-09-09T16:15+02:00,0,2326.4,4380.6,7297.3,1889,412.3,2890.1,17.9,231.6,1.8,52.5,1381,124.4,648.6,25395.8,48395
2023-09-09T16:30+02:00,0,2313.1,4383.6,7583.3,1974.1,412.3,3178.9,17.9,284.1,26.8,52.5,1376.8,130.5,572.7,23288.7,48569.7
2023-09-09T16:45+02:00,0,2308.3,4367.6,7887.5,2043.6,412.9,3695.1,17.9,125.8,159.4,52.5,1374.6,148.2,524.2,21065.4,48652.6
2023-09-09T17:00+02:00,0,2290.6,4369.7,8471.9,2160.8,413.8,4082.9,17.9,88.9,4.6,54.3,1374.9,173,498.4,18725.1,48980.1
2023-09-09T17:15+02:00,0,2275.8,4367.3,9738.6,2285.2,413.8,4469.4,17.9,160,30.4,59.2,1376.3,230.2,483.8,16243.9,49106.9
2023-09-09T17:30+02:00,0,2260.4,4378.9,10545.2,2689.2,413.8,5082.2,17.9,262.3,321.5,60,1375.4,254.7,466,13728.2,49088.1
2023-09-09T17:45+02:00,0,2246.1,4392.5,10992.8,3227.9,413.8,5479.5,17.9,207.9,867.9,59.9,1372.2,246.3,460.8,11269.8,48992.2
2023-09-09T18:00+02:00,0,2234.2,4418.4,10978.8,3335.9,413.8,6143.6,17.9,156.6,360.9,59.9,1387.9,233.6,471.1,8832.4,49909.1
2023-09-09T18:15+02:00,0,2225.9,4430.3,11119.4,3660.3,413.8,6348.1,17.9,193.4,1365.6,63,1383.1,237.8,486.7,6559.1,49291.1
2023-09-09T18:30+02:00,0,2215.4,4443.7,11149.7,3879,413.8,6600.7,17.9,257.7,2437.7,67.2,1376.8,250.8,493.4,4560.8,49445.9
2023-09-09T18:45+02:00,0,2207.2,4480,11138.1,4025.8,413.8,6828,17.9,182.4,3061.9,67.5,1383.8,270.3,491,2923.7,49362.7
2023-09-09T19:00+02:00,0,2199.3,4490.1,11150.8,4148.7,413.8,6863,17.9,114.5,2347.5,68.4,1363.6,279.3,552.8,1637.4,48879.2
2023-09-09T19:15+02:00,0,2196.4,4499.8,11190.5,4278.9,413.8,6891.3,17.9,116.2,2562.7,68.8,1374.9,282.1,649.4,666.4,48128.6
2023-09-09T19:30+02:00,0,2192.7,4502.8,11188,4403.7,413.8,6905.7,17.9,108.5,2734.6,68.8,1363.4,272.9,737.3,171.4,47834
2023-09-09T19:45+02:00,0,2192.4,4524.8,11156.7,4419,413.8,6973.2,17.9,107.3,2730.6,68.8,1362.9,282,827.3,28,47695.7
2023-09-09T20:00+02:00,0,2192.9,4540.2,11159.4,4440.7,413.8,7008.1,17.9,96.6,2685.1,68.8,1379.1,288.2,809.9,2.8,48034.8
2023-09-09T20:15+02:00,0,2194.5,4556.7,11179.7,4446.3,413.8,7010.6,17.9,137.6,2739.5,68.7,1395.1,285.1,886,0,48418.2
2023-09-09T20:30+02:00,0,2192.2,4561,11191.5,4435.7,413.8,7028.4,17.9,226.1,2708.3,68.8,1386.2,307,982.7,0,48025.7
2023-09-09T20:45+02:00,0,2190.4,4591.7,11183.6,4428.5,413.8,7019.3,17.9,129,2269,68.8,1397.9,325.5,1059.3,0,47326.1
2023-09-09T21:00+02:00,0,2185,4583.4,11191.6,4388.7,413.8,6923.1,17.9,230.4,2382.4,68.7,1398.7,345.5,1103.4,0,46348.9
2023-09-09T21:15+02:00,0,2183.4,4590.7,11177.8,4224.6,413.8,6860.8,17.9,153.8,2166.1,68.7,1399.6,385.3,1135.8,0,46028.5
2023-09-09T21:30+02:00,0,2186.6,4605.2,11208.1,4054.7,413.8,6712.8,17.9,255.9,1658.5,68.7,1398.3,407,1161.4,0,45320.7
2023-09-09T21:45+02:00,0,2190.6,4632.5,11187.7,3882,414.7,6719.6,17.9,169.9,1320.4,68.7,1400.2,409.9,1186.3,0,44870.2
2023-09-09T22:00+02:00,0,2193.5,4638.3,11177.7,3686.8,413.8,6917.9,17.9,163.3,1440.3,66.1,1403.8,389.5,1176.8,0,44414.5
2023-09-09T22:15+02:00,0,2197.2,4647.1,11134.3,3507.6,413.8,6810.4,17.9,61.8,1065.9,65,1405.1,380.3,1180.7,0,43842.7
2023-09-09T22:30+02:00,0,2204.3,4652.7,11135.8,3232.3,413.8,6728,17.9,75.7,972.1,65,1405.1,405,1170.6,0,42942.8
2023-09-09T22:45+02:00,0,2207.7,4644.8,11163.4,3135.2,413.8,6579.3,17.9,130.4,670.6,65,1407.5,411.3,1183.6,0,42229.1
2023-09-09T23:00+02:00,0,2213,4650.9,11174.9,3034,413.8,6335,17.9,146.2,912.8,65,1410.3,443.3,1197.2,0,41858.2
2023-09-09T23:15+02:00,0,2226,4651.3,11135.7,2947.2,413.8,6257.3,17.9,127,695.6,65,1414.9,452,1227.9,0,41519.9
2023-09-09T23:30+02:00,0,2239.4,4652.7,11094.9,2909.2,413.8,6126.4,17.9,167.6,532.5,65,1413.5,463.3,1218.3,0,40909.6
2023-09-09T23:45+02:00,0,2247.9,4619.8,10905.9,2768.8,413.8,6095.1,17.9,180.8,419.7,65,1408.6,448.4,1188.6,0,40369
2023-09-10T00:00+02:00,0,2257.8,4604.7,10747.7,2508.5,414.6,5509.4,17.9,222.8,384.3,64.4,1285.5,447.6,1168.5,0,39052.4
2023-09-10T00:15+02:00,0,2273.7,4605.3,10538,2394.2,415.1,5430,17.9,160.2,431,64.3,1286.7,462,1159.6,0,39031
2023-09-10T00:30+02:00,0,2282.5,4609.2,10520.5,2331.5,415.1,5106.5,17.9,142.6,261,64.4,1285.3,448.7,1182.1,0,38747
2023-09-10T00:45+02:00,0,2290.2,4588.1,10510.9,2264.6,414.6,4722.3,17.9,145,261.4,64.4,1288.3,389,1197.1,0,38393.4
2023-09-10T01:00+02:00,0,2297.1,4578.9,10544.3,2234.5,415.6,4630.6,17.9,301.2,349,64.4,1288.8,347,1198.7,0,37544.8
2023-09-10T01:15+02:00,0,2301.7,4564.7,10441.5,2163.4,416.7,4677.8,17.9,152.7,263.4,64.4,1273,316.1,1172.4,0,37218.2
2023-09-10T01:30+02:00,0,2300.3,4561,10309.2,2147.5,416.8,4930.6,17.9,197.8,159.4,64.4,1288,287.5,1127.7,0,36854.4
2023-09-10T01:45+02:00,0,2295.7,4540.3,10321.4,2151.5,416.1,4757.1,17.9,310.8,165.6,64.3,1286.5,242.8,1077.8,0,36827.6
2023-09-10T02:00+02:00,0,2290.5,4522.9,10336.1,2132.2,416.1,4510.3,17.9,239.8,168.9,62.2,1283.3,195.6,1006.9,0,36211.1
2023-09-10T02:15+02:00,0,2288.1,4513,10309.9,2134,416.1,4313,17.9,257.2,150.8,61.8,1284.9,156.9,936.9,0,35831.1
2023-09-10T02:30+02:00,0,2285,4502.6,10146.6,2135.3,416.1,4325.9,17.9,207.7,181.1,61.9,1275.2,139.4,874.3,0,35679.1
2023-09-10T02:45+02:00,0,2284.3,4449.6,10090.2,2131.6,416.1,4341.7,17.9,229.2,150.8,61.8,1264.3,127,826.9,0,35656.9
2023-09-10T03:00+02:00,0,2285.5,4429.1,9997.7,2047.8,416.1,4221.6,17.9,149.1,131.4,59.3,1261,127.6,783,0,35486.2
2023-09-10T03:15+02:00,0,2289.9,4428.5,9967.8,2010.9,416.1,4202.8,17.9,129.3,140.1,58.1,1276.6,111,767.2,0,35472.9
2023-09-10T03:30+02:00,0,2289.4,4430.5,9959.6,2033.7,416.1,4209,17.9,89.8,107,58.1,1298.6,90.7,728.9,0,35219.4
2023-09-10T03:45+02:00,0,2283.3,4395.1,9961.2,2054.7,416.1,4293.4,17.9,83.8,115.8,58.1,1287.5,68.1,696.5,0,35184.3
2023-09-10T04:00+02:00,0,2273.3,4397.2,9993.5,2128.2,416.1,4332,17.9,147.8,159.1,58.1,1286.3,46.2,699.1,0,35125.1
2023-09-10T04:15+02:00,0,2262.7,4379.9,9932.9,2131.5,416.1,4306.7,17.9,101.4,153.5,58.1,1290.5,28.4,698.2,0,35013.1
2023-09-10T04:30+02:00,0,2254.9,4380.9,9823.6,2128.2,416.1,4293.4,17.9,122.3,185.1,58.1,1301.7,11,661.6,0,34986.7
2023-09-10T04:45+02:00,0,2248.1,4368.3,9866.1,2130,416.1,4297.6,17.9,105.8,204.2,58.1,1300.4,4.4,610.6,0,34982.7
2023-09-10T05:00+02:00,0,2242.3,4365.2,9881.3,2122.6,416.1,4294.9,17.9,130.7,181,59.2,1299.3,7.7,575.8,0,35198.8
2023-09-10T05:15+02:00,0,2243.6,4360.8,9887.7,2125.4,416.1,4281.1,17.9,103.7,174.7,59.4,1292.1,6.2,535.9,0,35154.5
2023-09-10T05:30+02:00,0,2244.6,4363.9,9891,2126.2,416.1,4293.9,17.9,162.7,230.5,59.4,1295.1,2.9,503.1,0,35395.1
2023-09-10T05:45+02:00,0,2246,4365.4,9893.9,2129.8,416.1,4324.5,17.9,182.8,304.5,60.1,1283,3.7,505.4,0,35586.2
2023-09-10T06:00+02:00,0,2245.6,4402.2,9903.1,2120.4,415.4,4348.7,17.9,245.7,339.5,64.3,1299.6,4.4,494.8,0,35975.4
2023-09-10T06:15+02:00,0,2242.4,4406.3,9890.9,2116.8,414.6,4378.6,17.9,280.9,359.7,65,1303.2,4.4,509.5,10.5,36067.4
2023-09-10T06:30+02:00,0,2238.6,4405.8,9923.6,2117.3,414.6,4374.4,17.9,248.3,315.8,65,1304.5,4.2,498,23.9,35789.9
2023-09-10T06:45+02:00,0,2239.3,4426.7,9860,2105.4,414.6,4377.2,17.9,259.7,347.4,64.9,1300.6,3.3,501.8,147.1,35817.8
2023-09-10T07:00+02:00,0,2238.8,4433.6,9868.2,1970,414.6,4241,17.9,259.6,246.8,61.8,1297.7,2.7,530.2,652.1,36643.2
2023-09-10T07:15+02:00,0,2241.7,4447.4,9878,1923.7,414.6,4056.8,17.9,241.2,126.3,60,1298.7,4.8,521.3,1726.9,37085.3
2023-09-10T07:30+02:00,0,2246.5,4458.3,9788.4,1856,414.6,3942.2,17.9,194.7,97.8,60,1286.8,6.2,511.4,3094.6,37986.8
2023-09-10T07:45+02:00,0,2246.6,4473.8,9530,1756.9,414.6,3876.4,17.9,162.9,24.9,60,1281.2,7.3,508.5,4835.5,38440.7
2023-09-10T08:00+02:00,0,2247.1,4481.4,9393.7,1756.2,414.6,3560.5,17.9,384.5,382,57.8,1250.4,10.3,508.8,6854.9,39685.4
2023-09-10T08:15+02:00,0,2250.6,4499.8,9388,1760.5,414.6,3141.3,17.9,359.8,88.2,57.5,1225.2,9,493.5,9011.4,40635.2
2023-09-10T08:30+02:00,0,2256.1,4502.3,9198.4,1586.6,415.4,2763,17.9,156.6,64.9,57.5,1200.4,7.5,476.9,11297.7,41515.7
2023-09-10T08:45+02:00,0,2262.3,4542.4,8602.5,1583.3,414.7,2760.1,17.9,176.9,74.1,57.5,1247.9,6.1,423.9,13648.6,42666
2023-09-10T09:00+02:00,0,2267.2,4530.3,8150.8,1581.2,414.6,2724.8,17.9,334.1,190.7,57.5,1261.9,4.1,346.7,16032.6,43588.6
2023-09-10T09:15+02:00,0,2277,4524.3,7588.8,1566,414.6,2714.5,17.9,215.1,44,57.5,1263.4,1.9,258.3,18370.8,44389
2023-09-10T09:30+02:00,0,2281.1,4535.1,6985.6,1568.5,414.6,2743,17.9,131.2,1.5,57.5,1256.5,1.1,196.8,20543.8,45070.9
2023-09-10T09:45+02:00,0,2271.5,4569.4,6413.2,1569.9,415.5,2707.7,17.9,265.3,5.4,57.1,1244.5,0.2,151.2,22591.2,45419.6
2023-09-10T10:00+02:00,0,2275.6,4563.1,6309.3,1512.2,414.9,2525.2,17.9,448.8,94.4,54.4,1246.6,0.1,131.4,24559.5,45906.8
2023-09-10T10:15+02:00,0,2278.3,4573.2,5885.7,1443.8,414.9,2455.2,17.9,141.1,6.3,54.3,1239.7,1.9,123.3,26546.8,46442.6
2023-09-10T10:30+02:00,0,2279.3,4575.5,5660.1,1436.4,414.2,2444.2,17.9,87.3,1.6,54.3,1238.9,5.6,106.6,28304.7,46656.8
2023-09-10T10:45+02:00,0,2276.6,4601.7,5381.4,1436.3,414.6,2451.2,17.9,77.1,1.5,55.2,1199.2,8.6,95.4,29945.2,47085.7
2023-09-10T11:00+02:00,0,2276.3,4603.7,5187.1,1437.9,414.6,2311.8,17.9,156.6,2.2,57.5,1211.8,10.1,102,31421.3,47319.8
2023-09-10T11:15+02:00,0,2276.3,4610.3,5024.7,1440.2,414.6,2296.9,17.9,116.3,1.6,57.5,1238,12.9,104,32706.5,47751.3
2023-09-10T11:30+02:00,0,2280.9,4611.9,4906.4,1435.6,414.6,2311.1,17.9,76.7,1.4,57.5,1231,14.6,113,33881,48049.3
2023-09-10T11:45+02:00,0,2291.1,4624.1,4919.8,1432.7,414.6,2303.7,17.9,221.9,1.3,57.4,1225.2,13,116.4,34849.3,48180.1
2023-09-10T12:00+02:00,0,2298.7,4626.7,4776.7,1423.6,415.4,2272.6,17.9,112,1.8,54.9,1221,8.1,122.6,35673.2,48520.2
2023-09-10T12:15+02:00,0,2309.1,4622.1,4767.2,1424.2,416.1,2286.4,17.9,60.9,1.3,54.3,1237.2,7.5,118.4,35971.3,48447.2
2023-09-10T12:30+02:00,0,2303.9,4618.5,4777.3,1419.1,416.1,2293.4,17.9,61.6,1.3,54.3,1240.2,10,129.8,36310.7,48088.1
2023-09-10T12:45+02:00,0,2298.1,4568.3,4675.1,1423.9,415.5,2290.4,17.9,31.7,1.3,54.3,1231.6,7.5,153.2,36419.9,47649.1
2023-09-10T13:00+02:00,0,2294.4,4561.6,4815.7,1426.1,415.9,2295.5,17.9,95.4,1.4,54.3,1231.7,9.6,210.2,36747.4,46807
2023-09-10T13:15+02:00,0,2292.3,4568.7,4802.9,1424.4,416.1,2283.4,17.9,80.4,1.3,54.3,1232.7,10.5,260.6,36679,46279.4
2023-09-10T13:30+02:00,0,2292.8,4561.3,4772.2,1425.4,416.1,2290.7,17.9,65.3,1.3,54.3,1213.2,13.2,303.4,36834,46078.3
2023-09-10T13:45+02:00,0,2295.4,4522.8,4766.2,1424.2,416.1,2301.9,17.9,67.4,1.3,54.3,1213.6,15.4,301.4,36439.6,45733.9
2023-09-10T14:00+02:00,0,2300,4512.5,4731.1,1428.6,416.1,2282,17.9,61.9,1.3,54.3,1220.9,23.4,276.5,35835.9,45528.1
2023-09-10T14:15+02:00,0,2297.7,4498.3,4809,1432.9,416.1,2290.2,17.9,76.8,1.3,54.3,1209.9,23.1,271.6,35176.6,45081.8
2023-09-10T14:30+02:00,0,2288.7,4490.3,4808.8,1437.2,416.1,2281.8,17.9,86.6,1.3,54.3,1225.8,18.2,264,34199.1,44980
2023-09-10T14:45+02:00,0,2285.1,4440.7,4909.2,1436.6,416.1,2284.6,17.9,104.3,1.5,53.9,1229.5,17.4,304,33333.8,44328.9
2023-09-10T15:00+02:00,0,2273.5,4434.1,4971.1,1428.9,416.1,2311,17.9,86.5,1.3,54.8,1227.3,15.7,326.4,32344,44440.6
2023-09-10T15:15+02:00,0,2261.6,4418.3,5087.8,1432.7,416.1,2318.7,17.9,111.5,1.4,55,1226.6,12.8,322.5,31250.5,44398.1
2023-09-10T15:30+02:00,0,2263.8,4357.8,5116.7,1434.8,416.1,2324.7,17.9,251,52.6,55,1224.9,15.4,315.2,29875.8,44413.5
2023-09-10T15:45+02:00,0,2258.4,4339.3,5383.1,1480.2,416.1,2292.8,17.9,162.7,221.4,55,1225.3,19.7,303.8,28288.7,44115
2023-09-10T16:00+02:00,0,2251.9,4354.2,5567.5,1808.6,416.1,2409.6,17.9,39.7,21.9,55,1229.4,24.3,285.1,26468.9,44528.3
2023-09-10T16:15+02:00,0,2255.7,4387.9,6099.1,1950.7,416.1,2603.5,17.9,59.3,62.9,55,1226.1,35.1,269,24529.5,44442.1
2023-09-10T16:30+02:00,0,2253.6,4397.1,6838.8,2185.8,416.1,2744.7,17.9,142.7,20.2,55,1222.1,46.5,247.1,22348.2,44898.2
2023-09-10T16:45+02:00,0,2245.5,4398.6,7660.2,2397.7,416.1,3280.4,17.9,318.3,133,55,1180.9,60.9,243.7,20187.3,45127.1
2023-09-10T17:00+02:00,0,2238.9,4389.5,8146.2,2643.5,416.1,4115.3,17.9,97.7,22.4,57.3,1203.4,71,247.7,17846.7,45858.7
2023-09-10T17:15+02:00,0,2228,4389.9,9260.2,2941,416.1,4774.9,17.9,254.6,60.9,62,1221.9,65.7,270.6,15413.6,46227.3
2023-09-10T17:30+02:00,0,2217.4,4391.2,9911.2,3166.6,416.1,5411.7,17.9,228.2,272,62.4,1210.8,80.7,282.5,12942,46397.4
2023-09-10T17:45+02:00,0,2204.6,4415.3,10111.3,3567.8,416.1,5772.7,17.9,302.1,1037.7,62.7,1212.1,97.5,282.3,10551.9,47053.4
2023-09-10T18:00+02:00,0,2188.4,4427.3,10070.4,3805.4,416.1,6426.2,17.9,64.2,234.1,66.3,1206.7,127.5,307.1,8294.9,47731.2
2023-09-10T18:15+02:00,0,2179.8,4431.9,10160.9,4135.3,416.1,6688.3,17.9,140.4,484.4,67.6,1210.7,169.6,330.5,6041.8,47560.5
2023-09-10T18:30+02:00,0,2175.1,4444.4,10308.2,4582.4,416.1,6871.1,17.9,281.9,1645.8,67.6,1208.8,204.5,351.3,4177.8,47779.7
2023-09-10T18:45+02:00,0,2168.5,4474.4,10321.9,4755.2,416.1,7135.4,17.9,267.7,2323,68.8,1214.7,235.7,371.9,2637.7,47456.6
2023-09-10T19:00+02:00,0,2163,4480.1,10315,4800.9,416.1,7286.1,17.9,265.1,2120.7,68.8,1218,261.7,393.5,1418.9,47070.1
2023-09-10T19:15+02:00,0,2160.7,4489.9,10361.6,4851.6,416.1,7336.5,17.9,263.4,2681.9,68.8,1196.9,260.8,470.3,531,46520.5
2023-09-10T19:30+02:00,0,2160.1,4504.1,10373.1,4894.2,416.1,7370.7,17.9,268.7,2971.8,68.8,1188.7,273.2,543.7,141.8,46492
2023-09-10T19:45+02:00,0,2155,4518.7,10390.5,4897.1,416.1,7470.4,17.9,323.5,3097.5,68.8,1206.8,317.2,595.7,23.9,46547.3
2023-09-10T20:00+02:00,0,2150.4,4528.1,10360.7,4900.6,416.1,7526.2,17.9,305.1,3037.1,69.7,1222.5,350.3,525.4,2.9,47126.9
2023-09-10T20:15+02:00,0,2146.9,4536.6,10356.3,4923.2,416.1,7551.2,17.9,338.2,3037,70.1,1227.7,404.3,613.2,0,47404.1
2023-09-10T20:30+02:00,0,2141,4551.3,10358.8,4939.5,416.1,7531.9,17.9,258,3059.5,70.1,1220.7,460.6,651.1,0,47534.6
2023-09-10T20:45+02:00,0,2137.9,4578.1,10363.1,4986.3,416.1,7525.5,17.9,196.4,2516.1,70.1,1220.5,548.9,698.8,0,46763.8
2023-09-10T21:00+02:00,0,2132.9,4594.8,10386.5,5002,416.1,7488.9,17.9,129,2378.5,70.1,1220.8,718.1,731.9,0,46387.2
2023-09-10T21:15+02:00,0,2132.3,4595.9,10355.6,4915.3,416.1,7467.5,17.9,53.6,1523.1,70,1225.7,915,787.1,0,45872.4
2023-09-10T21:30+02:00,0,2125.3,4606.1,10360,4787.4,416.1,7456.9,17.9,233,1045.6,70,1198.3,995.6,862.2,0,45514
2023-09-10T21:45+02:00,0,2118.8,4614,10357.6,4664.3,417.9,7426.1,17.9,292.7,687.1,69.7,1201.7,1102.1,956.8,0,45255.4
2023-09-10T22:00+02:00,0,2117.8,4634.7,10369.7,4514.1,419.2,7415.8,17.9,315.8,1024.4,66.6,1218.8,1178.9,1010.2,0,44976.8
2023-09-10T22:15+02:00,0,2118.1,4634,10347.6,4242.1,419.2,7334.2,17.9,169.7,913.8,66.2,1207.3,1269.5,1101.9,0,44571
2023-09-10T22:30+02:00,0,2117.8,4640.2,10341.2,4049.6,419.2,7171.7,17.9,86.9,734.1,66.2,1230.4,1294.7,1143.9,0,43907.8
2023-09-10T22:45+02:00,0,2124.6,4644.7,10308.8,3945.2,419.2,6953.2,17.9,132.2,232.5,66.2,1241,1226.7,1199.9,0,43097.4
2023-09-10T23:00+02:00,0,2135.2,4656.9,10340.5,3876.8,419.2,6651.1,17.9,231.1,435.1,66.2,1235.8,1275.1,1249.9,0,42471.8
2023-09-10T23:15+02:00,0,2141.6,4654.2,10330.7,3796.8,419.2,6574.6,17.9,98.6,277.9,66.2,1224.6,1333.6,1300.8,0,42130.4
2023-09-10T23:30+02:00,0,2151,4662.1,10332,3757.9,419.2,6576.4,17.9,171.9,207.4,66.2,1234.7,1494.3,1295.4,0,41527.4
2023-09-10T23:45+02:00,0,2162.9,4657.9,10309.5,3736.5,419.2,6562.8,17.9,84.6,187.1,66.2,1234.1,1652.6,1316.6,0,40940.8
